{
    "1": {
        "total_loss": 3.922531599965686,
        "r2l_loss": 3.942534121993951,
        "l2r_loss": 3.9139590770416035,
        "time": 191.65485787391663,
        "lr": 3.3333333333333335e-05
    },
    "2": {
        "total_loss": 3.2477609960175684,
        "r2l_loss": 3.249369526073366,
        "l2r_loss": 3.2470716099842125,
        "time": 194.61611318588257,
        "lr": 5.555555555555556e-05
    },
    "3": {
        "total_loss": 2.9650303692152553,
        "r2l_loss": 2.964894806237961,
        "l2r_loss": 2.9650884660615904,
        "time": 196.76572585105896,
        "lr": 7.777777777777778e-05
    },
    "4": {
        "total_loss": 2.7794072980496645,
        "r2l_loss": 2.7776038286025493,
        "l2r_loss": 2.7801801981532503,
        "time": 191.4210548400879,
        "lr": 0.00010000000000000002
    },
    "5": {
        "total_loss": 2.6343993716717704,
        "r2l_loss": 2.630825935623266,
        "l2r_loss": 2.635930826481293,
        "time": 193.4340739250183,
        "lr": 0.00010000000000000002
    },
    "6": {
        "total_loss": 2.52799294271263,
        "r2l_loss": 2.5239789345409642,
        "l2r_loss": 2.5297132195330323,
        "time": 190.3214671611786,
        "lr": 0.00010000000000000002
    },
    "7": {
        "total_loss": 2.44375870328521,
        "r2l_loss": 2.4409683559873017,
        "l2r_loss": 2.444954560465803,
        "time": 193.78497433662415,
        "lr": 0.00010000000000000002
    },
    "8": {
        "total_loss": 2.373696070991471,
        "r2l_loss": 2.3713206281713513,
        "l2r_loss": 2.3747141172703214,
        "time": 193.4384241104126,
        "lr": 0.00010000000000000002
    },
    "9": {
        "total_loss": 2.3135464912781782,
        "r2l_loss": 2.312304214784813,
        "l2r_loss": 2.314078894778647,
        "time": 195.05533146858215,
        "lr": 0.00010000000000000002
    },
    "10": {
        "total_loss": 2.261920467809516,
        "r2l_loss": 2.26041161650993,
        "l2r_loss": 2.262567123460395,
        "time": 196.14758038520813,
        "lr": 0.00010000000000000002
    },
    "11": {
        "total_loss": 2.21485990970917,
        "r2l_loss": 2.214957972289537,
        "l2r_loss": 2.2148178801203993,
        "time": 193.6171896457672,
        "lr": 0.00010000000000000002
    },
    "12": {
        "total_loss": 2.1720074741919992,
        "r2l_loss": 2.1731802859217337,
        "l2r_loss": 2.17150483876174,
        "time": 191.39406728744507,
        "lr": 0.00010000000000000002
    },
    "13": {
        "total_loss": 2.13342234258099,
        "r2l_loss": 2.1365143320649453,
        "l2r_loss": 2.132097202457473,
        "time": 204.00787568092346,
        "lr": 0.00010000000000000002
    },
    "14": {
        "total_loss": 2.0971376416959555,
        "r2l_loss": 2.101381794174434,
        "l2r_loss": 2.0953187174904793,
        "time": 196.16900491714478,
        "lr": 0.00010000000000000002
    },
    "15": {
        "total_loss": 2.0630924114426836,
        "r2l_loss": 2.069382756362964,
        "l2r_loss": 2.0603965459966003,
        "time": 201.37257266044617,
        "lr": 0.00010000000000000002
    },
    "16": {
        "total_loss": 1.9845240533000594,
        "r2l_loss": 1.9942390106047534,
        "l2r_loss": 1.98036049613784,
        "time": 202.15516877174377,
        "lr": 5.000000000000001e-05
    }
}