{
    "1": {
        "total_loss": 3.9134790131525814,
        "r2l_loss": 3.9085300457032583,
        "l2r_loss": 3.918427982241325,
        "time": 189.83147406578064,
        "lr": 3.3333333333333335e-05
    },
    "2": {
        "total_loss": 3.236905310149277,
        "r2l_loss": 3.2221764641098516,
        "l2r_loss": 3.2516341524414556,
        "time": 191.7573118209839,
        "lr": 5.555555555555556e-05
    },
    "3": {
        "total_loss": 2.955190673792526,
        "r2l_loss": 2.940614785567248,
        "l2r_loss": 2.9697665643598334,
        "time": 192.86376690864563,
        "lr": 7.777777777777778e-05
    },
    "4": {
        "total_loss": 2.7702513561970123,
        "r2l_loss": 2.754950406626306,
        "l2r_loss": 2.7855523065874292,
        "time": 192.47702527046204,
        "lr": 0.00010000000000000002
    },
    "5": {
        "total_loss": 2.625081377085628,
        "r2l_loss": 2.607719076874214,
        "l2r_loss": 2.642443680692984,
        "time": 197.87163853645325,
        "lr": 0.00010000000000000002
    },
    "6": {
        "total_loss": 2.518468545555834,
        "r2l_loss": 2.499502342552942,
        "l2r_loss": 2.5374347475048133,
        "time": 194.78892421722412,
        "lr": 0.00010000000000000002
    },
    "7": {
        "total_loss": 2.4345240441895655,
        "r2l_loss": 2.415191582705979,
        "l2r_loss": 2.4538565050876446,
        "time": 196.99724912643433,
        "lr": 0.00010000000000000002
    },
    "8": {
        "total_loss": 2.3640968701225837,
        "r2l_loss": 2.3437030924912285,
        "l2r_loss": 2.38449065027162,
        "time": 195.80889534950256,
        "lr": 0.00010000000000000002
    },
    "9": {
        "total_loss": 2.3036111010081175,
        "r2l_loss": 2.2825631496948438,
        "l2r_loss": 2.32465904904255,
        "time": 197.53648400306702,
        "lr": 0.00010000000000000002
    },
    "10": {
        "total_loss": 2.2510041935856075,
        "r2l_loss": 2.228412969407492,
        "l2r_loss": 2.2735954194031436,
        "time": 189.0052273273468,
        "lr": 0.00010000000000000002
    },
    "11": {
        "total_loss": 2.2035595401682415,
        "r2l_loss": 2.180404492410555,
        "l2r_loss": 2.2267145927856387,
        "time": 190.5381519794464,
        "lr": 0.00010000000000000002
    },
    "12": {
        "total_loss": 2.1608780117189488,
        "r2l_loss": 2.1374257718064698,
        "l2r_loss": 2.1843302554957758,
        "time": 189.2988977432251,
        "lr": 0.00010000000000000002
    },
    "13": {
        "total_loss": 2.1218498949920264,
        "r2l_loss": 2.0981193493414954,
        "l2r_loss": 2.145580441169514,
        "time": 190.38266468048096,
        "lr": 0.00010000000000000002
    },
    "14": {
        "total_loss": 2.0848871389868684,
        "r2l_loss": 2.060283044759323,
        "l2r_loss": 2.109491229350066,
        "time": 198.26859712600708,
        "lr": 0.00010000000000000002
    },
    "15": {
        "total_loss": 2.0508478601227105,
        "r2l_loss": 2.0265320363236787,
        "l2r_loss": 2.075163686322323,
        "time": 198.65549516677856,
        "lr": 0.00010000000000000002
    },
    "16": {
        "total_loss": 1.9717008925257122,
        "r2l_loss": 1.94532397875383,
        "l2r_loss": 1.9980778060633917,
        "time": 192.41533493995667,
        "lr": 5.000000000000001e-05
    }
}