{
    "1": {
        "total_loss": 4.067227745337195,
        "r2l_loss": 4.0356487883565935,
        "l2r_loss": 4.098806698687652,
        "time": 328.7515811920166,
        "lr": 3.3333333333333335e-05
    },
    "2": {
        "total_loss": 3.362223818634723,
        "r2l_loss": 3.3233538587341607,
        "l2r_loss": 3.401093776310357,
        "time": 328.0233361721039,
        "lr": 5.555555555555556e-05
    },
    "3": {
        "total_loss": 3.06556909878268,
        "r2l_loss": 3.0293644841152934,
        "l2r_loss": 3.1017737086489063,
        "time": 327.0587863922119,
        "lr": 7.777777777777778e-05
    },
    "4": {
        "total_loss": 2.8710631074746136,
        "r2l_loss": 2.837929820850462,
        "l2r_loss": 2.9041963832083293,
        "time": 322.9118149280548,
        "lr": 0.00010000000000000002
    },
    "5": {
        "total_loss": 2.7186315024531424,
        "r2l_loss": 2.687362057989379,
        "l2r_loss": 2.7499009427012537,
        "time": 326.0777819156647,
        "lr": 0.00010000000000000002
    },
    "6": {
        "total_loss": 2.6067338554236184,
        "r2l_loss": 2.5759284986962503,
        "l2r_loss": 2.6375392092234495,
        "time": 326.18084740638733,
        "lr": 0.00010000000000000002
    },
    "7": {
        "total_loss": 2.5180206198120865,
        "r2l_loss": 2.487538987971945,
        "l2r_loss": 2.5485022543455624,
        "time": 328.16517329216003,
        "lr": 0.00010000000000000002
    },
    "8": {
        "total_loss": 2.443777388463086,
        "r2l_loss": 2.4138266804878743,
        "l2r_loss": 2.47372809503308,
        "time": 325.0088224411011,
        "lr": 0.00010000000000000002
    },
    "9": {
        "total_loss": 2.37962700903767,
        "r2l_loss": 2.3497454881785194,
        "l2r_loss": 2.409508531243487,
        "time": 325.97584414482117,
        "lr": 0.00010000000000000002
    },
    "10": {
        "total_loss": 2.324328927487896,
        "r2l_loss": 2.2945508881964245,
        "l2r_loss": 2.354106971931832,
        "time": 327.49029541015625,
        "lr": 0.00010000000000000002
    },
    "11": {
        "total_loss": 2.273356583474427,
        "r2l_loss": 2.24393167933687,
        "l2r_loss": 2.302781483981839,
        "time": 324.61713123321533,
        "lr": 0.00010000000000000002
    },
    "12": {
        "total_loss": 2.2287711502878045,
        "r2l_loss": 2.1996267437349366,
        "l2r_loss": 2.25791555426444,
        "time": 326.93394589424133,
        "lr": 0.00010000000000000002
    },
    "13": {
        "total_loss": 2.1873549359369373,
        "r2l_loss": 2.1589241395530627,
        "l2r_loss": 2.2157857336089277,
        "time": 328.36174154281616,
        "lr": 0.00010000000000000002
    },
    "14": {
        "total_loss": 2.1484104404866344,
        "r2l_loss": 2.1197735826486688,
        "l2r_loss": 2.1770473018961947,
        "time": 325.92355942726135,
        "lr": 0.00010000000000000002
    },
    "15": {
        "total_loss": 2.1123347913586557,
        "r2l_loss": 2.0839598332851947,
        "l2r_loss": 2.140709753940522,
        "time": 324.81475496292114,
        "lr": 0.00010000000000000002
    },
    "16": {
        "total_loss": 2.0793579538702263,
        "r2l_loss": 2.05130693983938,
        "l2r_loss": 2.107408977971798,
        "time": 325.00201416015625,
        "lr": 0.00010000000000000002
    }
}