{
    "1": {
        "total_loss": 3.933877383913179,
        "r2l_loss": 3.9301730341667747,
        "l2r_loss": 3.936346732914331,
        "time": 183.0754907131195,
        "lr": 3.3333333333333335e-05
    },
    "2": {
        "total_loss": 3.2531648924636465,
        "r2l_loss": 3.237922720684284,
        "l2r_loss": 3.2633261634933457,
        "time": 183.14063024520874,
        "lr": 5.555555555555556e-05
    },
    "3": {
        "total_loss": 2.9708666389255485,
        "r2l_loss": 2.9541604395933843,
        "l2r_loss": 2.982003946435475,
        "time": 183.66078090667725,
        "lr": 7.777777777777778e-05
    },
    "4": {
        "total_loss": 2.785751496878963,
        "r2l_loss": 2.7679158972616515,
        "l2r_loss": 2.7976417389272004,
        "time": 182.54699516296387,
        "lr": 0.00010000000000000002
    },
    "5": {
        "total_loss": 2.6415990710492685,
        "r2l_loss": 2.6226465928062708,
        "l2r_loss": 2.654233901111925,
        "time": 181.7525007724762,
        "lr": 0.00010000000000000002
    },
    "6": {
        "total_loss": 2.5360441173926316,
        "r2l_loss": 2.5161591969679287,
        "l2r_loss": 2.5493005927513064,
        "time": 182.29187107086182,
        "lr": 0.00010000000000000002
    },
    "7": {
        "total_loss": 2.4537327962914715,
        "r2l_loss": 2.4328770491720886,
        "l2r_loss": 2.4676365066605137,
        "time": 181.65191054344177,
        "lr": 0.00010000000000000002
    },
    "8": {
        "total_loss": 2.384151565068363,
        "r2l_loss": 2.3631408523716955,
        "l2r_loss": 2.398158594761007,
        "time": 181.60911297798157,
        "lr": 0.00010000000000000002
    },
    "9": {
        "total_loss": 2.3250292391463208,
        "r2l_loss": 2.304127861509623,
        "l2r_loss": 2.3389633791502895,
        "time": 181.94804739952087,
        "lr": 0.00010000000000000002
    },
    "10": {
        "total_loss": 2.2727748272695334,
        "r2l_loss": 2.251966062252554,
        "l2r_loss": 2.286647231206444,
        "time": 181.8355369567871,
        "lr": 0.00010000000000000002
    },
    "11": {
        "total_loss": 2.2259764502699575,
        "r2l_loss": 2.2054243519287446,
        "l2r_loss": 2.2396777477737495,
        "time": 181.67003798484802,
        "lr": 0.00010000000000000002
    },
    "12": {
        "total_loss": 2.1839988023218333,
        "r2l_loss": 2.1626811498274736,
        "l2r_loss": 2.1982104686365145,
        "time": 183.76341271400452,
        "lr": 0.00010000000000000002
    },
    "13": {
        "total_loss": 2.144977619172548,
        "r2l_loss": 2.125307245666714,
        "l2r_loss": 2.1580911017588407,
        "time": 181.9505741596222,
        "lr": 0.00010000000000000002
    },
    "14": {
        "total_loss": 2.108640509410551,
        "r2l_loss": 2.08903361303633,
        "l2r_loss": 2.1217116743970243,
        "time": 181.77520656585693,
        "lr": 0.00010000000000000002
    },
    "15": {
        "total_loss": 2.075151585818274,
        "r2l_loss": 2.055269388119692,
        "l2r_loss": 2.0884062768434024,
        "time": 181.1210789680481,
        "lr": 0.00010000000000000002
    },
    "16": {
        "total_loss": 1.9972886392784492,
        "r2l_loss": 1.9781049490560483,
        "l2r_loss": 2.010077664332212,
        "time": 187.266836643219,
        "lr": 5.000000000000001e-05
    }
}