{
    "1": {
        "total_loss": 3.351061580065506,
        "r2l_loss": 3.3465949182897847,
        "l2r_loss": 3.3555282459034053,
        "time": 59.448320388793945,
        "lr": 3.3333333333333335e-05
    },
    "2": {
        "total_loss": 2.503772617480077,
        "r2l_loss": 2.48725589855939,
        "l2r_loss": 2.5202893364007632,
        "time": 55.18918585777283,
        "lr": 5.555555555555556e-05
    },
    "3": {
        "total_loss": 2.1391171552875563,
        "r2l_loss": 2.1220368317195346,
        "l2r_loss": 2.1561974774494397,
        "time": 53.95862579345703,
        "lr": 7.777777777777778e-05
    },
    "4": {
        "total_loss": 1.9163436263135658,
        "r2l_loss": 1.9017389515905518,
        "l2r_loss": 1.9309482986930158,
        "time": 56.92365384101868,
        "lr": 0.00010000000000000002
    },
    "5": {
        "total_loss": 1.7622800103021323,
        "r2l_loss": 1.7474366378034238,
        "l2r_loss": 1.7771233821758905,
        "time": 55.99430847167969,
        "lr": 0.00010000000000000002
    },
    "6": {
        "total_loss": 1.658705234527588,
        "r2l_loss": 1.6450442983469833,
        "l2r_loss": 1.6723661703957173,
        "time": 55.73067092895508,
        "lr": 0.00010000000000000002
    },
    "7": {
        "total_loss": 1.5824657008344818,
        "r2l_loss": 1.567104431779794,
        "l2r_loss": 1.5978269766073865,
        "time": 54.940364360809326,
        "lr": 0.00010000000000000002
    },
    "8": {
        "total_loss": 1.5212292880562,
        "r2l_loss": 1.5053930798176858,
        "l2r_loss": 1.537065491607586,
        "time": 55.72916793823242,
        "lr": 0.00010000000000000002
    },
    "9": {
        "total_loss": 1.4695918952184455,
        "r2l_loss": 1.452664866203718,
        "l2r_loss": 1.486518925795549,
        "time": 56.280953884124756,
        "lr": 0.00010000000000000002
    },
    "10": {
        "total_loss": 1.4246390054922742,
        "r2l_loss": 1.4076947187846172,
        "l2r_loss": 1.441583289465773,
        "time": 56.23646020889282,
        "lr": 0.00010000000000000002
    },
    "11": {
        "total_loss": 1.3860378784089695,
        "r2l_loss": 1.3694824597469946,
        "l2r_loss": 1.4025932966022316,
        "time": 54.391908407211304,
        "lr": 0.00010000000000000002
    },
    "12": {
        "total_loss": 1.350134046799546,
        "r2l_loss": 1.3321422523627275,
        "l2r_loss": 1.3681258467827992,
        "time": 56.16414260864258,
        "lr": 0.00010000000000000002
    },
    "13": {
        "total_loss": 1.2807035691460025,
        "r2l_loss": 1.262616188935496,
        "l2r_loss": 1.298790944356906,
        "time": 54.34514021873474,
        "lr": 5.000000000000001e-05
    },
    "14": {
        "total_loss": 1.2571166228029393,
        "r2l_loss": 1.2388049359402837,
        "l2r_loss": 1.2754283058377738,
        "time": 55.73200464248657,
        "lr": 5.000000000000001e-05
    },
    "15": {
        "total_loss": 1.2382890978146974,
        "r2l_loss": 1.219563313346078,
        "l2r_loss": 1.257014878767971,
        "time": 57.018980979919434,
        "lr": 5.000000000000001e-05
    },
    "16": {
        "total_loss": 1.2217518363836395,
        "r2l_loss": 1.2030139655304455,
        "l2r_loss": 1.2404897048151509,
        "time": 54.36832070350647,
        "lr": 5.000000000000001e-05
    },
    "17": {
        "total_loss": 1.184080622455552,
        "r2l_loss": 1.1655417368265155,
        "l2r_loss": 1.2026195072252817,
        "time": 55.58435249328613,
        "lr": 2.5000000000000005e-05
    },
    "18": {
        "total_loss": 1.1723794296559624,
        "r2l_loss": 1.1537620396320347,
        "l2r_loss": 1.1909968195236527,
        "time": 53.148550033569336,
        "lr": 2.5000000000000005e-05
    },
    "19": {
        "total_loss": 1.1633233019440077,
        "r2l_loss": 1.145199658205125,
        "l2r_loss": 1.1814469441986335,
        "time": 54.60809946060181,
        "lr": 2.5000000000000005e-05
    },
    "20": {
        "total_loss": 1.1536600006985946,
        "r2l_loss": 1.135355081033269,
        "l2r_loss": 1.1719649198170883,
        "time": 54.94981932640076,
        "lr": 2.5000000000000005e-05
    }
}