{
    "1": {
        "total_loss": 3.9469110081612713,
        "r2l_loss": 3.948807576550482,
        "l2r_loss": 3.945646426532498,
        "time": 172.01319575309753,
        "lr": 3.3333333333333335e-05
    },
    "2": {
        "total_loss": 3.2604817917866886,
        "r2l_loss": 3.2475856649149613,
        "l2r_loss": 3.269079037288786,
        "time": 171.74300837516785,
        "lr": 5.555555555555556e-05
    },
    "3": {
        "total_loss": 2.97651735328738,
        "r2l_loss": 2.9629246384081065,
        "l2r_loss": 2.9855789995380846,
        "time": 171.8941957950592,
        "lr": 7.777777777777778e-05
    },
    "4": {
        "total_loss": 2.7929180696577363,
        "r2l_loss": 2.7784020808216163,
        "l2r_loss": 2.8025952386715556,
        "time": 171.64977407455444,
        "lr": 0.00010000000000000002
    },
    "5": {
        "total_loss": 2.651894482976093,
        "r2l_loss": 2.635336400132282,
        "l2r_loss": 2.6629330547478904,
        "time": 170.7543077468872,
        "lr": 0.00010000000000000002
    },
    "6": {
        "total_loss": 2.548948817028278,
        "r2l_loss": 2.5309259615150554,
        "l2r_loss": 2.560963915701231,
        "time": 170.95615196228027,
        "lr": 0.00010000000000000002
    },
    "7": {
        "total_loss": 2.4690923368766873,
        "r2l_loss": 2.450050645118144,
        "l2r_loss": 2.4817866779029485,
        "time": 170.63769578933716,
        "lr": 0.00010000000000000002
    },
    "8": {
        "total_loss": 2.403177880702178,
        "r2l_loss": 2.383817453339901,
        "l2r_loss": 2.4160847193131514,
        "time": 170.93062257766724,
        "lr": 0.00010000000000000002
    },
    "9": {
        "total_loss": 2.3465877020757184,
        "r2l_loss": 2.326823254465354,
        "l2r_loss": 2.3597638915001995,
        "time": 171.12390160560608,
        "lr": 0.00010000000000000002
    },
    "10": {
        "total_loss": 2.297555689024785,
        "r2l_loss": 2.2770393936947895,
        "l2r_loss": 2.3112331145755904,
        "time": 169.65444707870483,
        "lr": 0.00010000000000000002
    }
}