{
    "1": {
        "total_loss": 3.906505724301741,
        "r2l_loss": 3.8997733513358064,
        "l2r_loss": 3.922214565553459,
        "time": 201.94389057159424,
        "lr": 3.3333333333333335e-05
    },
    "2": {
        "total_loss": 3.2285132758275465,
        "r2l_loss": 3.216996546929852,
        "l2r_loss": 3.2553856227627436,
        "time": 197.1506369113922,
        "lr": 5.555555555555556e-05
    },
    "3": {
        "total_loss": 2.947811221678271,
        "r2l_loss": 2.9366408534977433,
        "l2r_loss": 2.973875398837279,
        "time": 196.44752073287964,
        "lr": 7.777777777777778e-05
    },
    "4": {
        "total_loss": 2.7633946980615027,
        "r2l_loss": 2.7517206691103038,
        "l2r_loss": 2.790634068149949,
        "time": 196.10054206848145,
        "lr": 0.00010000000000000002
    },
    "5": {
        "total_loss": 2.618346831302043,
        "r2l_loss": 2.6052687541675006,
        "l2r_loss": 2.6488623086267933,
        "time": 198.26751446723938,
        "lr": 0.00010000000000000002
    },
    "6": {
        "total_loss": 2.511538322993018,
        "r2l_loss": 2.4970596372964105,
        "l2r_loss": 2.5453218999218143,
        "time": 197.91980648040771,
        "lr": 0.00010000000000000002
    },
    "7": {
        "total_loss": 2.4281288621936192,
        "r2l_loss": 2.4131082706226583,
        "l2r_loss": 2.463176898263058,
        "time": 198.18119859695435,
        "lr": 0.00010000000000000002
    },
    "8": {
        "total_loss": 2.3576407496961957,
        "r2l_loss": 2.341528967520577,
        "l2r_loss": 2.3952349078912865,
        "time": 195.09509873390198,
        "lr": 0.00010000000000000002
    },
    "9": {
        "total_loss": 2.297175379422418,
        "r2l_loss": 2.28020550694119,
        "l2r_loss": 2.336771751785091,
        "time": 197.31064701080322,
        "lr": 0.00010000000000000002
    },
    "10": {
        "total_loss": 2.2441408058632097,
        "r2l_loss": 2.225893357647894,
        "l2r_loss": 2.286718173380685,
        "time": 193.83842849731445,
        "lr": 0.00010000000000000002
    },
    "11": {
        "total_loss": 2.1967536601547173,
        "r2l_loss": 2.1779238692318295,
        "l2r_loss": 2.240689835578847,
        "time": 193.85063290596008,
        "lr": 0.00010000000000000002
    },
    "12": {
        "total_loss": 2.153854322047037,
        "r2l_loss": 2.13439851448906,
        "l2r_loss": 2.199251207773718,
        "time": 198.71980166435242,
        "lr": 0.00010000000000000002
    },
    "13": {
        "total_loss": 2.1144926581963577,
        "r2l_loss": 2.0944139094390195,
        "l2r_loss": 2.1613430711047354,
        "time": 194.31220054626465,
        "lr": 0.00010000000000000002
    },
    "14": {
        "total_loss": 2.077349968298479,
        "r2l_loss": 2.0564603084196977,
        "l2r_loss": 2.126092501262785,
        "time": 196.91617035865784,
        "lr": 0.00010000000000000002
    },
    "15": {
        "total_loss": 1.99540497828092,
        "r2l_loss": 1.9733824946557141,
        "l2r_loss": 2.0467907615401186,
        "time": 195.43679070472717,
        "lr": 5.000000000000001e-05
    },
    "16": {
        "total_loss": 1.9664697034068566,
        "r2l_loss": 1.943768003717621,
        "l2r_loss": 2.0194403292036713,
        "time": 196.63808965682983,
        "lr": 5.000000000000001e-05
    }
}