{
    "1": {
        "total_loss": 3.926997345533727,
        "r2l_loss": 3.9895412061209763,
        "l2r_loss": 3.9113612898674837,
        "time": 195.02374601364136,
        "lr": 3.3333333333333335e-05
    },
    "2": {
        "total_loss": 3.254309706345991,
        "r2l_loss": 3.2942143328531786,
        "l2r_loss": 3.2443334645278794,
        "time": 194.8309874534607,
        "lr": 5.555555555555556e-05
    },
    "3": {
        "total_loss": 2.97158660659153,
        "r2l_loss": 3.0082281779915037,
        "l2r_loss": 2.9624261207336997,
        "time": 191.674489736557,
        "lr": 7.777777777777778e-05
    },
    "4": {
        "total_loss": 2.7857844225315778,
        "r2l_loss": 2.819625657176222,
        "l2r_loss": 2.7773240280057685,
        "time": 197.0468122959137,
        "lr": 0.00010000000000000002
    },
    "5": {
        "total_loss": 2.6409427345618752,
        "r2l_loss": 2.6744363896973242,
        "l2r_loss": 2.6325692382214814,
        "time": 187.0988929271698,
        "lr": 0.00010000000000000002
    },
    "6": {
        "total_loss": 2.534618168659435,
        "r2l_loss": 2.570017492138801,
        "l2r_loss": 2.5257682733545135,
        "time": 196.72850155830383,
        "lr": 0.00010000000000000002
    },
    "7": {
        "total_loss": 2.4506126410366273,
        "r2l_loss": 2.489567435443518,
        "l2r_loss": 2.4408738983169287,
        "time": 193.70617389678955,
        "lr": 0.00010000000000000002
    },
    "8": {
        "total_loss": 2.3808524033643876,
        "r2l_loss": 2.4224526637429573,
        "l2r_loss": 2.3704522994506103,
        "time": 201.89166808128357,
        "lr": 0.00010000000000000002
    },
    "9": {
        "total_loss": 2.320921168228966,
        "r2l_loss": 2.3668381802459595,
        "l2r_loss": 2.3094418823484824,
        "time": 192.29052925109863,
        "lr": 0.00010000000000000002
    },
    "10": {
        "total_loss": 2.2698063664211507,
        "r2l_loss": 2.3176812517853755,
        "l2r_loss": 2.257837613287047,
        "time": 196.64816522598267,
        "lr": 0.00010000000000000002
    },
    "11": {
        "total_loss": 2.222784277849441,
        "r2l_loss": 2.2755604455419514,
        "l2r_loss": 2.20959020164486,
        "time": 195.9083456993103,
        "lr": 0.00010000000000000002
    },
    "12": {
        "total_loss": 2.1800422758039653,
        "r2l_loss": 2.2372241396098334,
        "l2r_loss": 2.1657467801819146,
        "time": 199.56127214431763,
        "lr": 0.00010000000000000002
    },
    "13": {
        "total_loss": 2.141632971395912,
        "r2l_loss": 2.203761232976595,
        "l2r_loss": 2.1261008736661,
        "time": 196.74004244804382,
        "lr": 0.00010000000000000002
    },
    "14": {
        "total_loss": 2.105323936241315,
        "r2l_loss": 2.1717014795787675,
        "l2r_loss": 2.0887295165792663,
        "time": 190.97650170326233,
        "lr": 0.00010000000000000002
    },
    "15": {
        "total_loss": 2.0713003134329333,
        "r2l_loss": 2.14343787838059,
        "l2r_loss": 2.0532658851334062,
        "time": 190.36111497879028,
        "lr": 0.00010000000000000002
    },
    "16": {
        "total_loss": 1.9918194395034392,
        "r2l_loss": 2.0761681802146326,
        "l2r_loss": 1.9707322180973756,
        "time": 191.40378141403198,
        "lr": 5.000000000000001e-05
    }
}