{
    "1": {
        "total_loss": 4.06639052245378,
        "r2l_loss": 4.0341135832556105,
        "l2r_loss": 4.098667461534848,
        "time": 333.60700964927673,
        "lr": 3.3333333333333335e-05
    },
    "2": {
        "total_loss": 3.3647643457695637,
        "r2l_loss": 3.324983384731008,
        "l2r_loss": 3.404545308213337,
        "time": 331.29327034950256,
        "lr": 5.555555555555556e-05
    },
    "3": {
        "total_loss": 3.070667182298447,
        "r2l_loss": 3.0341801917389004,
        "l2r_loss": 3.1071541756684278,
        "time": 331.3263533115387,
        "lr": 7.777777777777778e-05
    },
    "4": {
        "total_loss": 2.877983066796788,
        "r2l_loss": 2.8449880134145964,
        "l2r_loss": 2.9109781260340526,
        "time": 333.33897709846497,
        "lr": 0.00010000000000000002
    },
    "5": {
        "total_loss": 2.7283242509969323,
        "r2l_loss": 2.6973548128703255,
        "l2r_loss": 2.75929368994325,
        "time": 337.0296046733856,
        "lr": 0.00010000000000000002
    },
    "6": {
        "total_loss": 2.619095803595245,
        "r2l_loss": 2.589189855897825,
        "l2r_loss": 2.6490017557425207,
        "time": 332.5020999908447,
        "lr": 0.00010000000000000002
    },
    "7": {
        "total_loss": 2.5323917457069065,
        "r2l_loss": 2.502945139038071,
        "l2r_loss": 2.5618383528441484,
        "time": 331.15265917778015,
        "lr": 0.00010000000000000002
    },
    "8": {
        "total_loss": 2.4600312607930075,
        "r2l_loss": 2.4309048642109796,
        "l2r_loss": 2.489157656672427,
        "time": 328.1475553512573,
        "lr": 0.00010000000000000002
    },
    "9": {
        "total_loss": 2.3977154365691313,
        "r2l_loss": 2.3681828097416515,
        "l2r_loss": 2.4272480621084953,
        "time": 321.0540153980255,
        "lr": 0.00010000000000000002
    },
    "10": {
        "total_loss": 2.3440945779644906,
        "r2l_loss": 2.3146741511428286,
        "l2r_loss": 2.3735150042591955,
        "time": 331.2422411441803,
        "lr": 0.00010000000000000002
    },
    "11": {
        "total_loss": 2.295248137007528,
        "r2l_loss": 2.265672869263089,
        "l2r_loss": 2.3248234046348655,
        "time": 329.89843368530273,
        "lr": 0.00010000000000000002
    },
    "12": {
        "total_loss": 2.2521798606588703,
        "r2l_loss": 2.2225818862966564,
        "l2r_loss": 2.281777837538766,
        "time": 332.81478667259216,
        "lr": 0.00010000000000000002
    },
    "13": {
        "total_loss": 2.2113740240426805,
        "r2l_loss": 2.1827128193467447,
        "l2r_loss": 2.2400352301438335,
        "time": 331.23371028900146,
        "lr": 0.00010000000000000002
    },
    "14": {
        "total_loss": 2.1745604588732506,
        "r2l_loss": 2.1453136889545763,
        "l2r_loss": 2.2038072188968507,
        "time": 331.8006978034973,
        "lr": 0.00010000000000000002
    },
    "15": {
        "total_loss": 2.1395280935558216,
        "r2l_loss": 2.1105862360572067,
        "l2r_loss": 2.168469955445741,
        "time": 332.2824399471283,
        "lr": 0.00010000000000000002
    },
    "16": {
        "total_loss": 2.107828188504592,
        "r2l_loss": 2.078959298684227,
        "l2r_loss": 2.1366970732310433,
        "time": 332.7795977592468,
        "lr": 0.00010000000000000002
    }
}