{
    "1": {
        "total_loss": 3.9172859561935156,
        "r2l_loss": 3.9186496265042274,
        "l2r_loss": 3.9163766407310847,
        "time": 198.41324639320374,
        "lr": 3.3333333333333335e-05
    },
    "2": {
        "total_loss": 3.2407415223496367,
        "r2l_loss": 3.2291264218993647,
        "l2r_loss": 3.2484847530868994,
        "time": 202.51625108718872,
        "lr": 5.555555555555556e-05
    },
    "3": {
        "total_loss": 2.958457486685695,
        "r2l_loss": 2.946123667573648,
        "l2r_loss": 2.9666798744782485,
        "time": 198.03890466690063,
        "lr": 7.777777777777778e-05
    },
    "4": {
        "total_loss": 2.773267333189022,
        "r2l_loss": 2.760998545906164,
        "l2r_loss": 2.7814463709567057,
        "time": 207.80401182174683,
        "lr": 0.00010000000000000002
    },
    "5": {
        "total_loss": 2.6276275408994003,
        "r2l_loss": 2.6136336621694807,
        "l2r_loss": 2.6369566465407788,
        "time": 203.75650024414062,
        "lr": 0.00010000000000000002
    },
    "6": {
        "total_loss": 2.5219705282822105,
        "r2l_loss": 2.5072951134155215,
        "l2r_loss": 2.5317540018872333,
        "time": 201.36889147758484,
        "lr": 0.00010000000000000002
    },
    "7": {
        "total_loss": 2.4377007229154843,
        "r2l_loss": 2.4214983365858935,
        "l2r_loss": 2.4485021929726853,
        "time": 211.01775455474854,
        "lr": 0.00010000000000000002
    },
    "8": {
        "total_loss": 2.3684456306262662,
        "r2l_loss": 2.3513365025487536,
        "l2r_loss": 2.3798516074191847,
        "time": 205.65155792236328,
        "lr": 0.00010000000000000002
    },
    "9": {
        "total_loss": 2.3084487849462243,
        "r2l_loss": 2.2914751680286085,
        "l2r_loss": 2.31976442088781,
        "time": 198.30672907829285,
        "lr": 0.00010000000000000002
    },
    "10": {
        "total_loss": 2.255892214758691,
        "r2l_loss": 2.2383292341396244,
        "l2r_loss": 2.2676007641673324,
        "time": 202.94520688056946,
        "lr": 0.00010000000000000002
    },
    "11": {
        "total_loss": 2.208427059158595,
        "r2l_loss": 2.1897060819014116,
        "l2r_loss": 2.220907608804628,
        "time": 205.84770131111145,
        "lr": 0.00010000000000000002
    },
    "12": {
        "total_loss": 2.1656076901085486,
        "r2l_loss": 2.1470029023283828,
        "l2r_loss": 2.178010774677535,
        "time": 208.0129737854004,
        "lr": 0.00010000000000000002
    },
    "13": {
        "total_loss": 2.1266499652375406,
        "r2l_loss": 2.108580467684564,
        "l2r_loss": 2.1386961928168073,
        "time": 198.58391427993774,
        "lr": 0.00010000000000000002
    },
    "14": {
        "total_loss": 2.0902585500232833,
        "r2l_loss": 2.0718553907042168,
        "l2r_loss": 2.1025272221368514,
        "time": 204.64610266685486,
        "lr": 0.00010000000000000002
    },
    "15": {
        "total_loss": 2.055822767419759,
        "r2l_loss": 2.037941328961629,
        "l2r_loss": 2.0677436166287406,
        "time": 205.66403889656067,
        "lr": 0.00010000000000000002
    },
    "16": {
        "total_loss": 1.9763355542025538,
        "r2l_loss": 1.9580891926302657,
        "l2r_loss": 1.9884996906596224,
        "time": 203.52596354484558,
        "lr": 5.000000000000001e-05
    }
}