{
    "1": {
        "total_loss": 3.392876653282488,
        "r2l_loss": 3.395651862640044,
        "l2r_loss": 3.3910263377463186,
        "time": 196.85232400894165,
        "lr": 3.3333333333333335e-05
    },
    "2": {
        "total_loss": 2.8260272722581514,
        "r2l_loss": 2.816496511924946,
        "l2r_loss": 2.832380956188869,
        "time": 194.56706166267395,
        "lr": 5.555555555555556e-05
    },
    "3": {
        "total_loss": 2.5905252334411113,
        "r2l_loss": 2.5796556882633443,
        "l2r_loss": 2.597771458049654,
        "time": 198.09233379364014,
        "lr": 7.777777777777778e-05
    },
    "4": {
        "total_loss": 2.4364928484899826,
        "r2l_loss": 2.424147764568479,
        "l2r_loss": 2.444722789209812,
        "time": 189.49993586540222,
        "lr": 0.00010000000000000002
    },
    "5": {
        "total_loss": 2.3152879583109574,
        "r2l_loss": 2.300803114716805,
        "l2r_loss": 2.324944415881732,
        "time": 194.31323409080505,
        "lr": 0.00010000000000000002
    },
    "6": {
        "total_loss": 2.226106317139328,
        "r2l_loss": 2.2102847523211495,
        "l2r_loss": 2.236653916786602,
        "time": 191.67035698890686,
        "lr": 0.00010000000000000002
    },
    "7": {
        "total_loss": 2.155502868717452,
        "r2l_loss": 2.1398255282277443,
        "l2r_loss": 2.16595432255966,
        "time": 187.61647486686707,
        "lr": 0.00010000000000000002
    },
    "8": {
        "total_loss": 2.096323320521353,
        "r2l_loss": 2.0801237611381853,
        "l2r_loss": 2.107122925327897,
        "time": 186.52523040771484,
        "lr": 0.00010000000000000002
    },
    "9": {
        "total_loss": 2.0454604719383074,
        "r2l_loss": 2.029086406432341,
        "l2r_loss": 2.056376410842176,
        "time": 193.96717238426208,
        "lr": 0.00010000000000000002
    },
    "10": {
        "total_loss": 2.0015908487887653,
        "r2l_loss": 1.9843626251272228,
        "l2r_loss": 2.013076227926786,
        "time": 189.06592202186584,
        "lr": 0.00010000000000000002
    },
    "11": {
        "total_loss": 1.9618961907088874,
        "r2l_loss": 1.9446487112340385,
        "l2r_loss": 1.9733944089684365,
        "time": 192.42461323738098,
        "lr": 0.00010000000000000002
    },
    "12": {
        "total_loss": 1.925799439545933,
        "r2l_loss": 1.9086602149871572,
        "l2r_loss": 1.9372254885250084,
        "time": 190.7559289932251,
        "lr": 0.00010000000000000002
    },
    "13": {
        "total_loss": 1.893152285067178,
        "r2l_loss": 1.876306731363645,
        "l2r_loss": 1.9043825539249803,
        "time": 191.9994752407074,
        "lr": 0.00010000000000000002
    },
    "14": {
        "total_loss": 1.8622954084971566,
        "r2l_loss": 1.845299797348517,
        "l2r_loss": 1.8736257145001987,
        "time": 198.10261416435242,
        "lr": 0.00010000000000000002
    },
    "15": {
        "total_loss": 1.8335012894248213,
        "r2l_loss": 1.8172360429126762,
        "l2r_loss": 1.8443446914081723,
        "time": 193.7473635673523,
        "lr": 0.00010000000000000002
    },
    "16": {
        "total_loss": 1.8078643864639148,
        "r2l_loss": 1.7913001584280686,
        "l2r_loss": 1.818907112000265,
        "time": 196.1780686378479,
        "lr": 0.00010000000000000002
    }
}