{
    "1": {
        "total_loss": 3.530878702278687,
        "r2l_loss": 3.49944386819712,
        "l2r_loss": 3.562313541984808,
        "time": 109.9024407863617,
        "lr": 3.3333333333333335e-05
    },
    "2": {
        "total_loss": 2.6764184484944273,
        "r2l_loss": 2.6318133502300256,
        "l2r_loss": 2.721023541134276,
        "time": 106.1121780872345,
        "lr": 5.555555555555556e-05
    },
    "3": {
        "total_loss": 2.2928063457009054,
        "r2l_loss": 2.248051602749806,
        "l2r_loss": 2.337561103025864,
        "time": 106.42119216918945,
        "lr": 7.777777777777778e-05
    },
    "4": {
        "total_loss": 2.0477994041392873,
        "r2l_loss": 2.0069937896603527,
        "l2r_loss": 2.0886050147122823,
        "time": 105.71705412864685,
        "lr": 0.00010000000000000002
    },
    "5": {
        "total_loss": 1.8782225561329453,
        "r2l_loss": 1.8402999369220059,
        "l2r_loss": 1.916145182999527,
        "time": 104.09454035758972,
        "lr": 0.00010000000000000002
    },
    "6": {
        "total_loss": 1.7666187617600668,
        "r2l_loss": 1.7321171613695736,
        "l2r_loss": 1.8011203602757084,
        "time": 104.00633335113525,
        "lr": 0.00010000000000000002
    },
    "7": {
        "total_loss": 1.6882179717717603,
        "r2l_loss": 1.6546840055273213,
        "l2r_loss": 1.721751939578575,
        "time": 111.63207507133484,
        "lr": 0.00010000000000000002
    },
    "8": {
        "total_loss": 1.6243147832850484,
        "r2l_loss": 1.5911855692944707,
        "l2r_loss": 1.6574439986817646,
        "time": 104.6191737651825,
        "lr": 0.00010000000000000002
    },
    "9": {
        "total_loss": 1.5721433686085173,
        "r2l_loss": 1.5396291875276777,
        "l2r_loss": 1.6046575481269807,
        "time": 102.10619235038757,
        "lr": 0.00010000000000000002
    },
    "10": {
        "total_loss": 1.5299880932699181,
        "r2l_loss": 1.4976585934702722,
        "l2r_loss": 1.5623175944757024,
        "time": 103.47747111320496,
        "lr": 0.00010000000000000002
    },
    "11": {
        "total_loss": 1.4909142615129563,
        "r2l_loss": 1.4584083514944755,
        "l2r_loss": 1.5234201726251004,
        "time": 104.32467150688171,
        "lr": 0.00010000000000000002
    },
    "12": {
        "total_loss": 1.4573356800591806,
        "r2l_loss": 1.4252473751808057,
        "l2r_loss": 1.4894239875935946,
        "time": 104.46538376808167,
        "lr": 0.00010000000000000002
    },
    "13": {
        "total_loss": 1.4266809776601128,
        "r2l_loss": 1.394070057850209,
        "l2r_loss": 1.4592918976262543,
        "time": 100.87084650993347,
        "lr": 0.00010000000000000002
    },
    "14": {
        "total_loss": 1.397493048701655,
        "r2l_loss": 1.3649062382284343,
        "l2r_loss": 1.4300798555814112,
        "time": 105.43621325492859,
        "lr": 0.00010000000000000002
    },
    "15": {
        "total_loss": 1.3731665678449259,
        "r2l_loss": 1.340854838822491,
        "l2r_loss": 1.4054783024919142,
        "time": 104.0546805858612,
        "lr": 0.00010000000000000002
    },
    "16": {
        "total_loss": 1.347357460118215,
        "r2l_loss": 1.314854102709659,
        "l2r_loss": 1.3798608148707319,
        "time": 105.10728740692139,
        "lr": 0.00010000000000000002
    },
    "17": {
        "total_loss": 1.3248772174315246,
        "r2l_loss": 1.2927618247028416,
        "l2r_loss": 1.356992608441594,
        "time": 106.17977595329285,
        "lr": 0.00010000000000000002
    },
    "18": {
        "total_loss": 1.3031345040270104,
        "r2l_loss": 1.2710457409037519,
        "l2r_loss": 1.3352232668377937,
        "time": 104.63988256454468,
        "lr": 0.00010000000000000002
    },
    "19": {
        "total_loss": 1.2462407761445051,
        "r2l_loss": 1.2130724413523042,
        "l2r_loss": 1.279409115623834,
        "time": 103.37387275695801,
        "lr": 5.000000000000001e-05
    },
    "20": {
        "total_loss": 1.2257593770170898,
        "r2l_loss": 1.1917075520261713,
        "l2r_loss": 1.259811193258703,
        "time": 105.04322481155396,
        "lr": 5.000000000000001e-05
    }
}