{
    "1": {
        "total_loss": 4.0015037625384,
        "r2l_loss": 3.9718865102307035,
        "l2r_loss": 4.031121016017112,
        "time": 283.88828921318054,
        "lr": 3.3333333333333335e-05
    },
    "2": {
        "total_loss": 3.3156015514624846,
        "r2l_loss": 3.280094344512887,
        "l2r_loss": 3.3511087615738213,
        "time": 282.4638841152191,
        "lr": 5.555555555555556e-05
    },
    "3": {
        "total_loss": 3.02438778774209,
        "r2l_loss": 2.9910076984253755,
        "l2r_loss": 3.0577678735457607,
        "time": 282.9906361103058,
        "lr": 7.777777777777778e-05
    },
    "4": {
        "total_loss": 2.8338562905905524,
        "r2l_loss": 2.802081371103148,
        "l2r_loss": 2.86563121113187,
        "time": 284.3312382698059,
        "lr": 0.00010000000000000002
    },
    "5": {
        "total_loss": 2.6846577628188144,
        "r2l_loss": 2.6536439214567773,
        "l2r_loss": 2.7156715980915753,
        "time": 292.48298382759094,
        "lr": 0.00010000000000000002
    },
    "6": {
        "total_loss": 2.5753510780559306,
        "r2l_loss": 2.5442964570461415,
        "l2r_loss": 2.6064056989486186,
        "time": 290.3848412036896,
        "lr": 0.00010000000000000002
    },
    "7": {
        "total_loss": 2.488070017696598,
        "r2l_loss": 2.4572569568639655,
        "l2r_loss": 2.5188830774753175,
        "time": 283.64715909957886,
        "lr": 0.00010000000000000002
    },
    "8": {
        "total_loss": 2.4151081710995297,
        "r2l_loss": 2.383861950900559,
        "l2r_loss": 2.446354393289225,
        "time": 297.3471345901489,
        "lr": 0.00010000000000000002
    },
    "9": {
        "total_loss": 2.353039847141633,
        "r2l_loss": 2.3218671290719906,
        "l2r_loss": 2.3842125656796815,
        "time": 286.49218463897705,
        "lr": 0.00010000000000000002
    },
    "10": {
        "total_loss": 2.2978845101091387,
        "r2l_loss": 2.26743227284409,
        "l2r_loss": 2.328336752995058,
        "time": 284.2664065361023,
        "lr": 0.00010000000000000002
    },
    "11": {
        "total_loss": 2.249191052143138,
        "r2l_loss": 2.2178324086844103,
        "l2r_loss": 2.2805496960117213,
        "time": 274.17394828796387,
        "lr": 0.00010000000000000002
    },
    "12": {
        "total_loss": 2.20541387000112,
        "r2l_loss": 2.174364567329935,
        "l2r_loss": 2.2364631726723054,
        "time": 279.3071756362915,
        "lr": 0.00010000000000000002
    },
    "13": {
        "total_loss": 2.163904009141716,
        "r2l_loss": 2.1323748965160316,
        "l2r_loss": 2.1954331292618936,
        "time": 282.3742928504944,
        "lr": 0.00010000000000000002
    },
    "14": {
        "total_loss": 2.1264945383975924,
        "r2l_loss": 2.096016424988014,
        "l2r_loss": 2.156972651924272,
        "time": 286.2434904575348,
        "lr": 0.00010000000000000002
    },
    "15": {
        "total_loss": 2.0914699576341333,
        "r2l_loss": 2.060514574259344,
        "l2r_loss": 2.1224253351538493,
        "time": 286.3204462528229,
        "lr": 0.00010000000000000002
    },
    "16": {
        "total_loss": 2.0574051586138946,
        "r2l_loss": 2.0262931705926395,
        "l2r_loss": 2.0885171440003663,
        "time": 283.2181074619293,
        "lr": 0.00010000000000000002
    }
}