{
    "1": {
        "total_loss": 4.0011367644448645,
        "r2l_loss": 3.970325374884315,
        "l2r_loss": 4.031948165949763,
        "time": 285.48871636390686,
        "lr": 3.3333333333333335e-05
    },
    "2": {
        "total_loss": 3.317042318683242,
        "r2l_loss": 3.2814045204160722,
        "l2r_loss": 3.352680117770122,
        "time": 287.22486090660095,
        "lr": 5.555555555555556e-05
    },
    "3": {
        "total_loss": 3.0293974972427007,
        "r2l_loss": 2.9957180663738363,
        "l2r_loss": 3.0630769261208406,
        "time": 273.5192484855652,
        "lr": 7.777777777777778e-05
    },
    "4": {
        "total_loss": 2.841936361110515,
        "r2l_loss": 2.8091935014209484,
        "l2r_loss": 2.8746792176383416,
        "time": 286.7645010948181,
        "lr": 0.00010000000000000002
    },
    "5": {
        "total_loss": 2.695882805789618,
        "r2l_loss": 2.6639173324777943,
        "l2r_loss": 2.7278482833170936,
        "time": 285.6353440284729,
        "lr": 0.00010000000000000002
    },
    "6": {
        "total_loss": 2.588661584615239,
        "r2l_loss": 2.5562841250526414,
        "l2r_loss": 2.621039039962184,
        "time": 287.2014091014862,
        "lr": 0.00010000000000000002
    },
    "7": {
        "total_loss": 2.5035962407387546,
        "r2l_loss": 2.4716048062667397,
        "l2r_loss": 2.5355876770843926,
        "time": 276.0627381801605,
        "lr": 0.00010000000000000002
    },
    "8": {
        "total_loss": 2.4322744987334155,
        "r2l_loss": 2.400040691692843,
        "l2r_loss": 2.4645083071206546,
        "time": 286.0268406867981,
        "lr": 0.00010000000000000002
    },
    "9": {
        "total_loss": 2.371772093599578,
        "r2l_loss": 2.339559547442116,
        "l2r_loss": 2.403984641103707,
        "time": 282.8877823352814,
        "lr": 0.00010000000000000002
    },
    "10": {
        "total_loss": 2.3178574271895327,
        "r2l_loss": 2.2866632317161746,
        "l2r_loss": 2.349051617861731,
        "time": 282.7555470466614,
        "lr": 0.00010000000000000002
    },
    "11": {
        "total_loss": 2.2706112652021684,
        "r2l_loss": 2.2390428887486222,
        "l2r_loss": 2.302179645637164,
        "time": 275.64759159088135,
        "lr": 0.00010000000000000002
    },
    "12": {
        "total_loss": 2.2284359021481923,
        "r2l_loss": 2.1969011168348764,
        "l2r_loss": 2.2599706855878847,
        "time": 284.8046531677246,
        "lr": 0.00010000000000000002
    },
    "13": {
        "total_loss": 2.187614412930719,
        "r2l_loss": 2.1556821665150245,
        "l2r_loss": 2.219546656828732,
        "time": 286.34312105178833,
        "lr": 0.00010000000000000002
    },
    "14": {
        "total_loss": 2.1513285002797433,
        "r2l_loss": 2.1200903389449204,
        "l2r_loss": 2.1825666582186236,
        "time": 291.20856976509094,
        "lr": 0.00010000000000000002
    },
    "15": {
        "total_loss": 2.117247205352034,
        "r2l_loss": 2.0853463659000773,
        "l2r_loss": 2.1491480510689187,
        "time": 283.34016251564026,
        "lr": 0.00010000000000000002
    },
    "16": {
        "total_loss": 2.0850107179175192,
        "r2l_loss": 2.053020395967956,
        "l2r_loss": 2.117001037407952,
        "time": 286.9194371700287,
        "lr": 0.00010000000000000002
    }
}