{
    "1": {
        "total_loss": 3.9166567892363124,
        "r2l_loss": 3.9112430574383388,
        "l2r_loss": 3.9220705184580535,
        "time": 192.66028141975403,
        "lr": 3.3333333333333335e-05
    },
    "2": {
        "total_loss": 3.233475086731152,
        "r2l_loss": 3.2200630806049806,
        "l2r_loss": 3.2468870974242803,
        "time": 186.75785970687866,
        "lr": 5.555555555555556e-05
    },
    "3": {
        "total_loss": 2.9463010060295374,
        "r2l_loss": 2.931010622055451,
        "l2r_loss": 2.9615913855537683,
        "time": 189.91345071792603,
        "lr": 7.777777777777778e-05
    },
    "4": {
        "total_loss": 2.7568874466864206,
        "r2l_loss": 2.740766546112615,
        "l2r_loss": 2.7730083514758785,
        "time": 194.67721724510193,
        "lr": 0.00010000000000000002
    },
    "5": {
        "total_loss": 2.6066921705815553,
        "r2l_loss": 2.5888430030032086,
        "l2r_loss": 2.6245413306654086,
        "time": 183.51602458953857,
        "lr": 0.00010000000000000002
    },
    "6": {
        "total_loss": 2.4958987267640342,
        "r2l_loss": 2.4756520057942404,
        "l2r_loss": 2.5161454548770177,
        "time": 185.04712176322937,
        "lr": 0.00010000000000000002
    },
    "7": {
        "total_loss": 2.407037158963254,
        "r2l_loss": 2.3853878901726135,
        "l2r_loss": 2.4286864306228804,
        "time": 192.84972715377808,
        "lr": 0.00010000000000000002
    },
    "8": {
        "total_loss": 2.3334225411499414,
        "r2l_loss": 2.3101772742678937,
        "l2r_loss": 2.3566678087931483,
        "time": 201.51716661453247,
        "lr": 0.00010000000000000002
    },
    "9": {
        "total_loss": 2.2702809234382126,
        "r2l_loss": 2.246967567734728,
        "l2r_loss": 2.2935942713544506,
        "time": 199.12969708442688,
        "lr": 0.00010000000000000002
    },
    "10": {
        "total_loss": 2.213765748533144,
        "r2l_loss": 2.1895157071836806,
        "l2r_loss": 2.2380157926930426,
        "time": 189.4239137172699,
        "lr": 0.00010000000000000002
    },
    "11": {
        "total_loss": 2.1635721335242444,
        "r2l_loss": 2.1386608333273815,
        "l2r_loss": 2.188483429329803,
        "time": 196.7365744113922,
        "lr": 0.00010000000000000002
    },
    "12": {
        "total_loss": 2.1167307871381054,
        "r2l_loss": 2.091891527000251,
        "l2r_loss": 2.141570047744365,
        "time": 191.8851306438446,
        "lr": 0.00010000000000000002
    },
    "13": {
        "total_loss": 2.07577874026973,
        "r2l_loss": 2.0502401956289362,
        "l2r_loss": 2.1013172831540023,
        "time": 188.95716381072998,
        "lr": 0.00010000000000000002
    },
    "14": {
        "total_loss": 2.035184959238779,
        "r2l_loss": 2.0096962465401482,
        "l2r_loss": 2.0606736673704535,
        "time": 188.4919469356537,
        "lr": 0.00010000000000000002
    },
    "15": {
        "total_loss": 1.9995050077822447,
        "r2l_loss": 1.9736741213292646,
        "l2r_loss": 2.0253358908392824,
        "time": 194.7853283882141,
        "lr": 0.00010000000000000002
    },
    "16": {
        "total_loss": 1.9144748702264722,
        "r2l_loss": 1.8874160927850276,
        "l2r_loss": 1.9415336483705254,
        "time": 192.73826026916504,
        "lr": 5.000000000000001e-05
    }
}