{
    "1": {
        "total_loss": 3.959016368407866,
        "r2l_loss": 3.942933029650705,
        "l2r_loss": 3.975099703183577,
        "time": 245.1909945011139,
        "lr": 3.3333333333333335e-05
    },
    "2": {
        "total_loss": 3.2739417254339265,
        "r2l_loss": 3.2477751559265,
        "l2r_loss": 3.3001082942387443,
        "time": 243.05891704559326,
        "lr": 5.555555555555556e-05
    },
    "3": {
        "total_loss": 2.990247190584134,
        "r2l_loss": 2.9644993442917618,
        "l2r_loss": 3.0159950310214327,
        "time": 243.02628898620605,
        "lr": 7.777777777777778e-05
    },
    "4": {
        "total_loss": 2.8038658400181466,
        "r2l_loss": 2.779092450155959,
        "l2r_loss": 2.8286392262501896,
        "time": 242.42878365516663,
        "lr": 0.00010000000000000002
    },
    "5": {
        "total_loss": 2.6595665659089454,
        "r2l_loss": 2.633965185559803,
        "l2r_loss": 2.685167947546204,
        "time": 239.65962624549866,
        "lr": 0.00010000000000000002
    },
    "6": {
        "total_loss": 2.553521349411348,
        "r2l_loss": 2.5276546644555564,
        "l2r_loss": 2.5793880381143865,
        "time": 241.51696252822876,
        "lr": 0.00010000000000000002
    },
    "7": {
        "total_loss": 2.469266030666636,
        "r2l_loss": 2.441948050131732,
        "l2r_loss": 2.4965840095621195,
        "time": 242.12962007522583,
        "lr": 0.00010000000000000002
    },
    "8": {
        "total_loss": 2.399973876818224,
        "r2l_loss": 2.3727897335363513,
        "l2r_loss": 2.4271580275945905,
        "time": 241.26033544540405,
        "lr": 0.00010000000000000002
    },
    "9": {
        "total_loss": 2.3400448298407444,
        "r2l_loss": 2.312167891116414,
        "l2r_loss": 2.367921763939567,
        "time": 233.0482051372528,
        "lr": 0.00010000000000000002
    },
    "10": {
        "total_loss": 2.2871306379909364,
        "r2l_loss": 2.2584453759703984,
        "l2r_loss": 2.3158158931024886,
        "time": 241.02558732032776,
        "lr": 0.00010000000000000002
    },
    "11": {
        "total_loss": 2.2405748196341433,
        "r2l_loss": 2.212327550811243,
        "l2r_loss": 2.2688220899793627,
        "time": 240.30036759376526,
        "lr": 0.00010000000000000002
    },
    "12": {
        "total_loss": 2.196968815122934,
        "r2l_loss": 2.1685886741387117,
        "l2r_loss": 2.2253489519500547,
        "time": 241.5646641254425,
        "lr": 0.00010000000000000002
    },
    "13": {
        "total_loss": 2.1576063891173813,
        "r2l_loss": 2.128802062076295,
        "l2r_loss": 2.1864107129381773,
        "time": 241.55319809913635,
        "lr": 0.00010000000000000002
    },
    "14": {
        "total_loss": 2.121664733748539,
        "r2l_loss": 2.0925689453811684,
        "l2r_loss": 2.1507605188956194,
        "time": 243.28640031814575,
        "lr": 0.00010000000000000002
    },
    "15": {
        "total_loss": 2.087786509913405,
        "r2l_loss": 2.058558656213794,
        "l2r_loss": 2.117014361212436,
        "time": 244.1740231513977,
        "lr": 0.00010000000000000002
    },
    "16": {
        "total_loss": 2.055322467051227,
        "r2l_loss": 2.026582719827682,
        "l2r_loss": 2.0840622222376712,
        "time": 243.77426624298096,
        "lr": 0.00010000000000000002
    }
}