{
    "1": {
        "total_loss": 3.6775414966414712,
        "r2l_loss": 3.6770658160509004,
        "l2r_loss": 3.6780171784712956,
        "time": 349.1474406719208,
        "lr": 3.3333333333333335e-05
    },
    "2": {
        "total_loss": 2.9274556903249778,
        "r2l_loss": 2.9244279620484264,
        "l2r_loss": 2.9304834226635266,
        "time": 341.90437150001526,
        "lr": 5.555555555555556e-05
    },
    "3": {
        "total_loss": 2.643304254566009,
        "r2l_loss": 2.64282641746803,
        "l2r_loss": 2.643782094142494,
        "time": 349.02503991127014,
        "lr": 7.777777777777778e-05
    },
    "4": {
        "total_loss": 2.485124362330887,
        "r2l_loss": 2.4869795928550804,
        "l2r_loss": 2.4832691315313036,
        "time": 337.61152052879333,
        "lr": 0.00010000000000000002
    },
    "5": {
        "total_loss": 2.371177105899495,
        "r2l_loss": 2.3747546113091604,
        "l2r_loss": 2.367599606754943,
        "time": 343.5390672683716,
        "lr": 0.00010000000000000002
    },
    "6": {
        "total_loss": 2.292311059784896,
        "r2l_loss": 2.2973933693579847,
        "l2r_loss": 2.2872287523805013,
        "time": 342.8343720436096,
        "lr": 0.00010000000000000002
    },
    "7": {
        "total_loss": 2.2315252196262105,
        "r2l_loss": 2.237546099633314,
        "l2r_loss": 2.225504342648393,
        "time": 330.90329909324646,
        "lr": 0.00010000000000000002
    },
    "8": {
        "total_loss": 2.182538133909549,
        "r2l_loss": 2.1889922130737833,
        "l2r_loss": 2.1760840511996724,
        "time": 338.73239731788635,
        "lr": 0.00010000000000000002
    },
    "9": {
        "total_loss": 2.140726449790457,
        "r2l_loss": 2.1481315611484866,
        "l2r_loss": 2.133321341564984,
        "time": 328.2685191631317,
        "lr": 0.00010000000000000002
    },
    "10": {
        "total_loss": 2.1041894779362296,
        "r2l_loss": 2.111542045020176,
        "l2r_loss": 2.0968369118505703,
        "time": 343.55635023117065,
        "lr": 0.00010000000000000002
    }
}