{
    "1": {
        "total_loss": 4.491326224827345,
        "r2l_loss": 4.491919249354739,
        "l2r_loss": 4.4909306573727275,
        "time": 195.05337643623352,
        "lr": 3.3333333333333335e-05
    },
    "2": {
        "total_loss": 3.689596082349189,
        "r2l_loss": 3.675446413120727,
        "l2r_loss": 3.6990289949246615,
        "time": 194.96201705932617,
        "lr": 5.555555555555556e-05
    },
    "3": {
        "total_loss": 3.351665188732222,
        "r2l_loss": 3.3384550588538464,
        "l2r_loss": 3.360471760828509,
        "time": 188.44844126701355,
        "lr": 7.777777777777778e-05
    },
    "4": {
        "total_loss": 3.127116341253629,
        "r2l_loss": 3.113953484884648,
        "l2r_loss": 3.135891412587906,
        "time": 189.7056393623352,
        "lr": 0.00010000000000000002
    },
    "5": {
        "total_loss": 2.951256030552045,
        "r2l_loss": 2.9362211948762007,
        "l2r_loss": 2.9612790982006576,
        "time": 191.2271785736084,
        "lr": 0.00010000000000000002
    },
    "6": {
        "total_loss": 2.8221015973503323,
        "r2l_loss": 2.8058821807207432,
        "l2r_loss": 2.8329143846198948,
        "time": 191.9297137260437,
        "lr": 0.00010000000000000002
    },
    "7": {
        "total_loss": 2.720339238292342,
        "r2l_loss": 2.704339885875612,
        "l2r_loss": 2.731005318740965,
        "time": 193.4112584590912,
        "lr": 0.00010000000000000002
    },
    "8": {
        "total_loss": 2.6355101871349955,
        "r2l_loss": 2.6185919268894757,
        "l2r_loss": 2.646788874286097,
        "time": 194.21789073944092,
        "lr": 0.00010000000000000002
    },
    "9": {
        "total_loss": 2.5629822217176845,
        "r2l_loss": 2.5459252586533374,
        "l2r_loss": 2.574353395253127,
        "time": 193.8075728416443,
        "lr": 0.00010000000000000002
    },
    "10": {
        "total_loss": 2.5004077337111377,
        "r2l_loss": 2.4818964197734017,
        "l2r_loss": 2.512748482770676,
        "time": 185.03094172477722,
        "lr": 0.00010000000000000002
    },
    "11": {
        "total_loss": 2.4434028637901037,
        "r2l_loss": 2.424720732601312,
        "l2r_loss": 2.455857495662037,
        "time": 189.460533618927,
        "lr": 0.00010000000000000002
    },
    "12": {
        "total_loss": 2.392398949339254,
        "r2l_loss": 2.373552579015552,
        "l2r_loss": 2.40496308138422,
        "time": 197.12538933753967,
        "lr": 0.00010000000000000002
    },
    "13": {
        "total_loss": 2.3459691427545604,
        "r2l_loss": 2.3273950986168943,
        "l2r_loss": 2.35835173017618,
        "time": 185.1620786190033,
        "lr": 0.00010000000000000002
    },
    "14": {
        "total_loss": 2.3019996292464624,
        "r2l_loss": 2.282923071873914,
        "l2r_loss": 2.314717224456941,
        "time": 189.72716689109802,
        "lr": 0.00010000000000000002
    },
    "15": {
        "total_loss": 2.2613993352663306,
        "r2l_loss": 2.2430435577169616,
        "l2r_loss": 2.2736364209581685,
        "time": 192.33963990211487,
        "lr": 0.00010000000000000002
    },
    "16": {
        "total_loss": 2.1685014846634068,
        "r2l_loss": 2.1496022815554454,
        "l2r_loss": 2.1811008482644505,
        "time": 188.2111361026764,
        "lr": 5.000000000000001e-05
    }
}