{
    "1": {
        "total_loss": 3.917749383828963,
        "r2l_loss": 3.919984440086867,
        "l2r_loss": 3.91625915177913,
        "time": 194.07899689674377,
        "lr": 3.3333333333333335e-05
    },
    "2": {
        "total_loss": 3.2418642489052942,
        "r2l_loss": 3.230509034425664,
        "l2r_loss": 3.2494342164346888,
        "time": 195.16856026649475,
        "lr": 5.555555555555556e-05
    },
    "3": {
        "total_loss": 2.959571782989914,
        "r2l_loss": 2.9477226910984586,
        "l2r_loss": 2.967471022151542,
        "time": 193.42484545707703,
        "lr": 7.777777777777778e-05
    },
    "4": {
        "total_loss": 2.7742364718075585,
        "r2l_loss": 2.7613390346875595,
        "l2r_loss": 2.7828346078662833,
        "time": 193.49682021141052,
        "lr": 0.00010000000000000002
    },
    "5": {
        "total_loss": 2.6290722314875814,
        "r2l_loss": 2.61397295803827,
        "l2r_loss": 2.6391382644827566,
        "time": 194.22549557685852,
        "lr": 0.00010000000000000002
    },
    "6": {
        "total_loss": 2.522495873550535,
        "r2l_loss": 2.5059821486238882,
        "l2r_loss": 2.533504886922293,
        "time": 194.82514476776123,
        "lr": 0.00010000000000000002
    },
    "7": {
        "total_loss": 2.438338872725931,
        "r2l_loss": 2.421909372909598,
        "l2r_loss": 2.4492917528672398,
        "time": 195.24642777442932,
        "lr": 0.00010000000000000002
    },
    "8": {
        "total_loss": 2.367964859795711,
        "r2l_loss": 2.3508293928472375,
        "l2r_loss": 2.379388392791298,
        "time": 195.6791274547577,
        "lr": 0.00010000000000000002
    },
    "9": {
        "total_loss": 2.3075676188604772,
        "r2l_loss": 2.2902298278682123,
        "l2r_loss": 2.3191260414413946,
        "time": 192.81333804130554,
        "lr": 0.00010000000000000002
    },
    "10": {
        "total_loss": 2.255513734573934,
        "r2l_loss": 2.2370327245041524,
        "l2r_loss": 2.2678343046507807,
        "time": 192.26366925239563,
        "lr": 0.00010000000000000002
    },
    "11": {
        "total_loss": 2.2081700066920584,
        "r2l_loss": 2.1896035089825365,
        "l2r_loss": 2.220547566830761,
        "time": 196.2200207710266,
        "lr": 0.00010000000000000002
    },
    "12": {
        "total_loss": 2.1654464843699412,
        "r2l_loss": 2.1469413595372897,
        "l2r_loss": 2.177783129023194,
        "time": 194.98746967315674,
        "lr": 0.00010000000000000002
    },
    "13": {
        "total_loss": 2.126644248344107,
        "r2l_loss": 2.1084482291592597,
        "l2r_loss": 2.138774829084138,
        "time": 192.8017692565918,
        "lr": 0.00010000000000000002
    },
    "14": {
        "total_loss": 2.0899494273372157,
        "r2l_loss": 2.071376426983442,
        "l2r_loss": 2.102331326963391,
        "time": 198.9652328491211,
        "lr": 0.00010000000000000002
    },
    "15": {
        "total_loss": 2.055888980392857,
        "r2l_loss": 2.038027425528978,
        "l2r_loss": 2.067796581386349,
        "time": 196.6840045452118,
        "lr": 0.00010000000000000002
    },
    "16": {
        "total_loss": 1.9773879495023041,
        "r2l_loss": 1.9590646212953482,
        "l2r_loss": 1.989603403040843,
        "time": 192.97625255584717,
        "lr": 5.000000000000001e-05
    }
}