{
    "1": {
        "total_loss": 3.978166597765415,
        "r2l_loss": 3.982706132712673,
        "l2r_loss": 3.975140040890407,
        "time": 167.07767009735107,
        "lr": 3.3333333333333335e-05
    },
    "2": {
        "total_loss": 3.324665603211446,
        "r2l_loss": 3.3183617285052076,
        "l2r_loss": 3.3288680078472743,
        "time": 167.76945734024048,
        "lr": 5.555555555555556e-05
    },
    "3": {
        "total_loss": 3.0561047712805696,
        "r2l_loss": 3.0511821974471416,
        "l2r_loss": 3.05938633708448,
        "time": 165.62914037704468,
        "lr": 7.777777777777778e-05
    },
    "4": {
        "total_loss": 2.8811967834274053,
        "r2l_loss": 2.876068502606015,
        "l2r_loss": 2.8846154833589415,
        "time": 168.1059672832489,
        "lr": 0.00010000000000000002
    },
    "5": {
        "total_loss": 2.744311600747886,
        "r2l_loss": 2.738706947192696,
        "l2r_loss": 2.7480478777398294,
        "time": 169.67850351333618,
        "lr": 0.00010000000000000002
    },
    "6": {
        "total_loss": 2.641079773720215,
        "r2l_loss": 2.634046250335828,
        "l2r_loss": 2.645768639849305,
        "time": 169.39525747299194,
        "lr": 0.00010000000000000002
    },
    "7": {
        "total_loss": 2.5582287363078597,
        "r2l_loss": 2.5494352737203796,
        "l2r_loss": 2.5640909054658736,
        "time": 168.20977354049683,
        "lr": 0.00010000000000000002
    },
    "8": {
        "total_loss": 2.4885352920221204,
        "r2l_loss": 2.479605058731405,
        "l2r_loss": 2.4944886593312785,
        "time": 168.2927327156067,
        "lr": 0.00010000000000000002
    },
    "9": {
        "total_loss": 2.4277623507737647,
        "r2l_loss": 2.4195404039267707,
        "l2r_loss": 2.4332435293258525,
        "time": 166.74156022071838,
        "lr": 0.00010000000000000002
    },
    "10": {
        "total_loss": 2.375163351740022,
        "r2l_loss": 2.365733463075634,
        "l2r_loss": 2.381449827510856,
        "time": 167.70873880386353,
        "lr": 0.00010000000000000002
    },
    "11": {
        "total_loss": 2.3281419643718744,
        "r2l_loss": 2.319141650656586,
        "l2r_loss": 2.334142065294131,
        "time": 168.50733637809753,
        "lr": 0.00010000000000000002
    },
    "12": {
        "total_loss": 2.285267444923959,
        "r2l_loss": 2.276225381785151,
        "l2r_loss": 2.291295380337065,
        "time": 169.4953601360321,
        "lr": 0.00010000000000000002
    },
    "13": {
        "total_loss": 2.2468550899056883,
        "r2l_loss": 2.2381097239337877,
        "l2r_loss": 2.2526852308767014,
        "time": 168.89290738105774,
        "lr": 0.00010000000000000002
    },
    "14": {
        "total_loss": 2.2103770661564845,
        "r2l_loss": 2.2024521859900656,
        "l2r_loss": 2.2156602139557275,
        "time": 168.032977104187,
        "lr": 0.00010000000000000002
    },
    "15": {
        "total_loss": 2.177448091432013,
        "r2l_loss": 2.169785249502579,
        "l2r_loss": 2.1825565560510443,
        "time": 167.91626811027527,
        "lr": 0.00010000000000000002
    },
    "16": {
        "total_loss": 2.1056565611324984,
        "r2l_loss": 2.098935200329614,
        "l2r_loss": 2.110137362494216,
        "time": 166.54937291145325,
        "lr": 5.000000000000001e-05
    }
}