{
    "1": {
        "total_loss": 3.879253461107992,
        "r2l_loss": 3.8872720246699095,
        "l2r_loss": 3.8712349004736115,
        "time": 153.24205088615417,
        "lr": 3.3333333333333335e-05
    },
    "2": {
        "total_loss": 3.2049424466777645,
        "r2l_loss": 3.202412295435173,
        "l2r_loss": 3.2074725980374574,
        "time": 158.97423124313354,
        "lr": 5.555555555555556e-05
    },
    "3": {
        "total_loss": 2.925116499069866,
        "r2l_loss": 2.9210142100958083,
        "l2r_loss": 2.929218783594068,
        "time": 156.08510208129883,
        "lr": 7.777777777777778e-05
    },
    "4": {
        "total_loss": 2.737506315726897,
        "r2l_loss": 2.7309263724475104,
        "l2r_loss": 2.7440862560787465,
        "time": 148.3160846233368,
        "lr": 0.00010000000000000002
    },
    "5": {
        "total_loss": 2.590099937203825,
        "r2l_loss": 2.581088282387477,
        "l2r_loss": 2.5991115917859706,
        "time": 147.79341387748718,
        "lr": 0.00010000000000000002
    },
    "6": {
        "total_loss": 2.4825086403923557,
        "r2l_loss": 2.4714099754284784,
        "l2r_loss": 2.4936073065272484,
        "time": 144.39246726036072,
        "lr": 0.00010000000000000002
    },
    "7": {
        "total_loss": 2.396208091194363,
        "r2l_loss": 2.38423893956398,
        "l2r_loss": 2.4081772414780787,
        "time": 148.0888090133667,
        "lr": 0.00010000000000000002
    },
    "8": {
        "total_loss": 2.3247280950513476,
        "r2l_loss": 2.3115922278177528,
        "l2r_loss": 2.3378639662663923,
        "time": 145.0086169242859,
        "lr": 0.00010000000000000002
    },
    "9": {
        "total_loss": 2.263228338570398,
        "r2l_loss": 2.2494859905046187,
        "l2r_loss": 2.276970684938206,
        "time": 146.33682131767273,
        "lr": 0.00010000000000000002
    },
    "10": {
        "total_loss": 2.208204435166301,
        "r2l_loss": 2.1935494710162486,
        "l2r_loss": 2.222859393929686,
        "time": 144.49150323867798,
        "lr": 0.00010000000000000002
    },
    "11": {
        "total_loss": 2.159710924904098,
        "r2l_loss": 2.1456702264915046,
        "l2r_loss": 2.1737516203306044,
        "time": 159.44571328163147,
        "lr": 0.00010000000000000002
    },
    "12": {
        "total_loss": 2.115385554277124,
        "r2l_loss": 2.1017446114529794,
        "l2r_loss": 2.1290264992676455,
        "time": 152.68145489692688,
        "lr": 0.00010000000000000002
    },
    "13": {
        "total_loss": 2.0730649598220947,
        "r2l_loss": 2.0583486452201027,
        "l2r_loss": 2.0877812825626383,
        "time": 149.29425692558289,
        "lr": 0.00010000000000000002
    },
    "14": {
        "total_loss": 1.988777867059108,
        "r2l_loss": 1.9735809107894748,
        "l2r_loss": 2.003974821455118,
        "time": 144.93245911598206,
        "lr": 5.000000000000001e-05
    },
    "15": {
        "total_loss": 1.9585752106602863,
        "r2l_loss": 1.9432246449654136,
        "l2r_loss": 1.973925776765014,
        "time": 156.44247889518738,
        "lr": 5.000000000000001e-05
    },
    "16": {
        "total_loss": 1.9352615970408285,
        "r2l_loss": 1.920426980861278,
        "l2r_loss": 1.950096210819799,
        "time": 152.41368794441223,
        "lr": 5.000000000000001e-05
    }
}