{
    "1": {
        "total_loss": 3.906811804106287,
        "r2l_loss": 3.9182486261272245,
        "l2r_loss": 3.899187039415588,
        "time": 112.71248292922974,
        "lr": 3.3333333333333335e-05
    },
    "2": {
        "total_loss": 3.27196268845635,
        "r2l_loss": 3.2720073212106477,
        "l2r_loss": 3.2719327560342366,
        "time": 116.25929594039917,
        "lr": 5.555555555555556e-05
    },
    "3": {
        "total_loss": 3.009483215616822,
        "r2l_loss": 3.007991836909461,
        "l2r_loss": 3.010477309728184,
        "time": 115.1644675731659,
        "lr": 7.777777777777778e-05
    },
    "4": {
        "total_loss": 2.83269165014237,
        "r2l_loss": 2.8294132340165157,
        "l2r_loss": 2.8348771019862538,
        "time": 112.78719139099121,
        "lr": 0.00010000000000000002
    },
    "5": {
        "total_loss": 2.6902711803646127,
        "r2l_loss": 2.6864015121591116,
        "l2r_loss": 2.6928508011203385,
        "time": 113.38419675827026,
        "lr": 0.00010000000000000002
    },
    "6": {
        "total_loss": 2.584811326562773,
        "r2l_loss": 2.5803704524087063,
        "l2r_loss": 2.587771767014839,
        "time": 120.0722246170044,
        "lr": 0.00010000000000000002
    },
    "7": {
        "total_loss": 2.500579020246307,
        "r2l_loss": 2.497015445429122,
        "l2r_loss": 2.5029546077452847,
        "time": 113.68302536010742,
        "lr": 0.00010000000000000002
    },
    "8": {
        "total_loss": 2.4301543113993285,
        "r2l_loss": 2.426686339621928,
        "l2r_loss": 2.4324661754437655,
        "time": 113.29609560966492,
        "lr": 0.00010000000000000002
    },
    "9": {
        "total_loss": 2.3686274190548593,
        "r2l_loss": 2.364650933236645,
        "l2r_loss": 2.3712783008521106,
        "time": 121.31096720695496,
        "lr": 0.00010000000000000002
    },
    "10": {
        "total_loss": 2.3156815163630164,
        "r2l_loss": 2.312464924188869,
        "l2r_loss": 2.317825813775915,
        "time": 119.55391836166382,
        "lr": 0.00010000000000000002
    },
    "11": {
        "total_loss": 2.2674623748876725,
        "r2l_loss": 2.264757728237066,
        "l2r_loss": 2.269265371303427,
        "time": 113.32338619232178,
        "lr": 0.00010000000000000002
    },
    "12": {
        "total_loss": 2.22407724750768,
        "r2l_loss": 2.222480820649265,
        "l2r_loss": 2.225141429713761,
        "time": 115.56763052940369,
        "lr": 0.00010000000000000002
    },
    "13": {
        "total_loss": 2.1845395201432916,
        "r2l_loss": 2.184228792054714,
        "l2r_loss": 2.184746570167935,
        "time": 116.32821130752563,
        "lr": 0.00010000000000000002
    },
    "14": {
        "total_loss": 2.1474061939711655,
        "r2l_loss": 2.1481303385292385,
        "l2r_loss": 2.146923331005868,
        "time": 115.61565566062927,
        "lr": 0.00010000000000000002
    },
    "15": {
        "total_loss": 2.112641183414253,
        "r2l_loss": 2.1150417525782332,
        "l2r_loss": 2.1110406955941956,
        "time": 112.65812635421753,
        "lr": 0.00010000000000000002
    },
    "16": {
        "total_loss": 2.081290694725771,
        "r2l_loss": 2.084663995181179,
        "l2r_loss": 2.07904172300824,
        "time": 113.22693133354187,
        "lr": 0.00010000000000000002
    }
}