{
    "1": {
        "total_loss": 4.195213281920944,
        "r2l_loss": 4.196842344781505,
        "l2r_loss": 4.194127035398615,
        "time": 200.0661964416504,
        "lr": 3.3333333333333335e-05
    },
    "2": {
        "total_loss": 3.459285904124584,
        "r2l_loss": 3.446739050751819,
        "l2r_loss": 3.4676502782609937,
        "time": 197.25058579444885,
        "lr": 5.555555555555556e-05
    },
    "3": {
        "total_loss": 3.1507119734301314,
        "r2l_loss": 3.1382856240206944,
        "l2r_loss": 3.158996040436983,
        "time": 196.82101464271545,
        "lr": 7.777777777777778e-05
    },
    "4": {
        "total_loss": 2.9471555277266064,
        "r2l_loss": 2.9341017868523513,
        "l2r_loss": 2.9558578598475878,
        "time": 199.685156583786,
        "lr": 0.00010000000000000002
    },
    "5": {
        "total_loss": 2.7878807991567434,
        "r2l_loss": 2.7727157057853953,
        "l2r_loss": 2.7979907029269957,
        "time": 196.50158667564392,
        "lr": 0.00010000000000000002
    },
    "6": {
        "total_loss": 2.671019076949721,
        "r2l_loss": 2.6544934569735426,
        "l2r_loss": 2.682036003569957,
        "time": 199.60167145729065,
        "lr": 0.00010000000000000002
    },
    "7": {
        "total_loss": 2.578879807107809,
        "r2l_loss": 2.5624456369338193,
        "l2r_loss": 2.5898357701207892,
        "time": 199.76536393165588,
        "lr": 0.00010000000000000002
    },
    "8": {
        "total_loss": 2.5019601986309867,
        "r2l_loss": 2.4847014020608778,
        "l2r_loss": 2.5134659312328798,
        "time": 198.96175718307495,
        "lr": 0.00010000000000000002
    },
    "9": {
        "total_loss": 2.436058414122913,
        "r2l_loss": 2.4185958004068064,
        "l2r_loss": 2.4477000379375013,
        "time": 199.37696719169617,
        "lr": 0.00010000000000000002
    },
    "10": {
        "total_loss": 2.379233065663246,
        "r2l_loss": 2.360459663134895,
        "l2r_loss": 2.3917485586201046,
        "time": 197.98325276374817,
        "lr": 0.00010000000000000002
    },
    "11": {
        "total_loss": 2.3274627615988606,
        "r2l_loss": 2.308573273521041,
        "l2r_loss": 2.340055651772467,
        "time": 199.98853373527527,
        "lr": 0.00010000000000000002
    },
    "12": {
        "total_loss": 2.2809641308540916,
        "r2l_loss": 2.262039156758715,
        "l2r_loss": 2.293580677689644,
        "time": 200.07719469070435,
        "lr": 0.00010000000000000002
    },
    "13": {
        "total_loss": 2.2386525235265085,
        "r2l_loss": 2.220049429384805,
        "l2r_loss": 2.2510544835115933,
        "time": 200.75954842567444,
        "lr": 0.00010000000000000002
    },
    "14": {
        "total_loss": 2.1985979090739325,
        "r2l_loss": 2.179520420042143,
        "l2r_loss": 2.2113161328265147,
        "time": 198.73928952217102,
        "lr": 0.00010000000000000002
    },
    "15": {
        "total_loss": 2.1615625445992634,
        "r2l_loss": 2.1432411502644215,
        "l2r_loss": 2.1737767041666336,
        "time": 198.27189826965332,
        "lr": 0.00010000000000000002
    },
    "16": {
        "total_loss": 2.076333535443589,
        "r2l_loss": 2.0575152185319214,
        "l2r_loss": 2.0888789815495197,
        "time": 199.6010458469391,
        "lr": 5.000000000000001e-05
    }
}