{
    "1": {
        "total_loss": 3.9278267557588213,
        "r2l_loss": 4.103980412183436,
        "l2r_loss": 3.9082542344020252,
        "time": 202.29948139190674,
        "lr": 3.3333333333333335e-05
    },
    "2": {
        "total_loss": 3.2586376709179232,
        "r2l_loss": 3.4122617440279903,
        "l2r_loss": 3.2415684202799393,
        "time": 189.33880162239075,
        "lr": 5.555555555555556e-05
    },
    "3": {
        "total_loss": 2.977833056848035,
        "r2l_loss": 3.133497959504193,
        "l2r_loss": 2.9605370319662487,
        "time": 188.73378777503967,
        "lr": 7.777777777777778e-05
    },
    "4": {
        "total_loss": 2.793356483952236,
        "r2l_loss": 2.9462596576199784,
        "l2r_loss": 2.7763673081145073,
        "time": 192.81546878814697,
        "lr": 0.00010000000000000002
    },
    "5": {
        "total_loss": 2.649201218880464,
        "r2l_loss": 2.8062192165312925,
        "l2r_loss": 2.631754841457884,
        "time": 195.27427792549133,
        "lr": 0.00010000000000000002
    },
    "6": {
        "total_loss": 2.5429551693920067,
        "r2l_loss": 2.706473794690752,
        "l2r_loss": 2.5247865015959223,
        "time": 189.21245694160461,
        "lr": 0.00010000000000000002
    },
    "7": {
        "total_loss": 2.458742578863395,
        "r2l_loss": 2.630998510742937,
        "l2r_loss": 2.4396030964926325,
        "time": 197.80565118789673,
        "lr": 0.00010000000000000002
    },
    "8": {
        "total_loss": 2.3891410284285928,
        "r2l_loss": 2.569340448950972,
        "l2r_loss": 2.369118936052491,
        "time": 189.2057740688324,
        "lr": 0.00010000000000000002
    },
    "9": {
        "total_loss": 2.329235941230197,
        "r2l_loss": 2.5186584119946644,
        "l2r_loss": 2.3081890592289347,
        "time": 196.82214617729187,
        "lr": 0.00010000000000000002
    },
    "10": {
        "total_loss": 2.277979236630419,
        "r2l_loss": 2.4768884684341597,
        "l2r_loss": 2.255878271194713,
        "time": 193.66036820411682,
        "lr": 0.00010000000000000002
    },
    "11": {
        "total_loss": 2.230714234481392,
        "r2l_loss": 2.440025862050197,
        "l2r_loss": 2.2074574465133354,
        "time": 190.7218246459961,
        "lr": 0.00010000000000000002
    },
    "12": {
        "total_loss": 2.187893828439338,
        "r2l_loss": 2.4081435537291416,
        "l2r_loss": 2.163421691108078,
        "time": 189.16018891334534,
        "lr": 0.00010000000000000002
    },
    "13": {
        "total_loss": 2.14866440287976,
        "r2l_loss": 2.3807100552941116,
        "l2r_loss": 2.1228816080655473,
        "time": 192.20746874809265,
        "lr": 0.00010000000000000002
    },
    "14": {
        "total_loss": 2.1121937712189727,
        "r2l_loss": 2.3557040477080053,
        "l2r_loss": 2.085137124497202,
        "time": 196.86958575248718,
        "lr": 0.00010000000000000002
    },
    "15": {
        "total_loss": 2.07700176908834,
        "r2l_loss": 2.333796977411319,
        "l2r_loss": 2.0484690180813168,
        "time": 186.08231830596924,
        "lr": 0.00010000000000000002
    },
    "16": {
        "total_loss": 1.9949383317604514,
        "r2l_loss": 2.2833827708816714,
        "l2r_loss": 1.9628889976409658,
        "time": 191.3698377609253,
        "lr": 5.000000000000001e-05
    }
}