{
    "1": {
        "total_loss": 3.9324845179827603,
        "r2l_loss": 3.926186259579799,
        "l2r_loss": 3.938782773458185,
        "time": 190.9109652042389,
        "lr": 3.3333333333333335e-05
    },
    "2": {
        "total_loss": 3.2608232247571816,
        "r2l_loss": 3.242290133109027,
        "l2r_loss": 3.2793563198012783,
        "time": 186.93007564544678,
        "lr": 5.555555555555556e-05
    },
    "3": {
        "total_loss": 2.9838089233297262,
        "r2l_loss": 2.9671206425121586,
        "l2r_loss": 3.0004972090655553,
        "time": 190.23275923728943,
        "lr": 7.777777777777778e-05
    },
    "4": {
        "total_loss": 2.8043936359858934,
        "r2l_loss": 2.7875969344365807,
        "l2r_loss": 2.821190337301003,
        "time": 186.49201893806458,
        "lr": 0.00010000000000000002
    },
    "5": {
        "total_loss": 2.664800517100014,
        "r2l_loss": 2.6462174764082333,
        "l2r_loss": 2.6833835542787505,
        "time": 190.50649642944336,
        "lr": 0.00010000000000000002
    },
    "6": {
        "total_loss": 2.5634769828942527,
        "r2l_loss": 2.5437884939677122,
        "l2r_loss": 2.5831654697129673,
        "time": 189.96189308166504,
        "lr": 0.00010000000000000002
    },
    "7": {
        "total_loss": 2.483809262104259,
        "r2l_loss": 2.4638384216426634,
        "l2r_loss": 2.5037801001067246,
        "time": 189.16864800453186,
        "lr": 0.00010000000000000002
    },
    "8": {
        "total_loss": 2.4175533579702697,
        "r2l_loss": 2.395564380118327,
        "l2r_loss": 2.439542327508008,
        "time": 188.30652976036072,
        "lr": 0.00010000000000000002
    },
    "9": {
        "total_loss": 2.361855294123614,
        "r2l_loss": 2.3395064956195695,
        "l2r_loss": 2.384204090109977,
        "time": 190.81543684005737,
        "lr": 0.00010000000000000002
    },
    "10": {
        "total_loss": 2.312438585435009,
        "r2l_loss": 2.2887516712041642,
        "l2r_loss": 2.3361255035302024,
        "time": 188.93227744102478,
        "lr": 0.00010000000000000002
    },
    "11": {
        "total_loss": 2.2685883950390844,
        "r2l_loss": 2.2440772012081034,
        "l2r_loss": 2.293099596364559,
        "time": 189.78728103637695,
        "lr": 0.00010000000000000002
    },
    "12": {
        "total_loss": 2.2293288005124374,
        "r2l_loss": 2.2041840702588056,
        "l2r_loss": 2.254473526901721,
        "time": 187.3208634853363,
        "lr": 0.00010000000000000002
    },
    "13": {
        "total_loss": 2.193223277278874,
        "r2l_loss": 2.168343514730982,
        "l2r_loss": 2.2181030385386498,
        "time": 188.3654134273529,
        "lr": 0.00010000000000000002
    },
    "14": {
        "total_loss": 2.159170358202078,
        "r2l_loss": 2.1330227117641503,
        "l2r_loss": 2.185318004464354,
        "time": 190.51802253723145,
        "lr": 0.00010000000000000002
    },
    "15": {
        "total_loss": 2.128339568032263,
        "r2l_loss": 2.1024254644198126,
        "l2r_loss": 2.1542536776168877,
        "time": 190.03260135650635,
        "lr": 0.00010000000000000002
    },
    "16": {
        "total_loss": 2.099658447831928,
        "r2l_loss": 2.072897443602736,
        "l2r_loss": 2.1264194471428577,
        "time": 186.6251037120819,
        "lr": 0.00010000000000000002
    }
}