{
    "1": {
        "total_loss": 3.9003269780127146,
        "r2l_loss": 3.8974932928684884,
        "l2r_loss": 3.9258310595757835,
        "time": 194.86270928382874,
        "lr": 3.3333333333333335e-05
    },
    "2": {
        "total_loss": 3.2212560687411744,
        "r2l_loss": 3.21696118135115,
        "l2r_loss": 3.259910848496705,
        "time": 192.6880397796631,
        "lr": 5.555555555555556e-05
    },
    "3": {
        "total_loss": 2.9417531774882484,
        "r2l_loss": 2.9374270690916093,
        "l2r_loss": 2.980688838921268,
        "time": 195.7509319782257,
        "lr": 7.777777777777778e-05
    },
    "4": {
        "total_loss": 2.7578973003127016,
        "r2l_loss": 2.7530380521401443,
        "l2r_loss": 2.80163113565014,
        "time": 197.22590255737305,
        "lr": 0.00010000000000000002
    },
    "5": {
        "total_loss": 2.613019697090029,
        "r2l_loss": 2.6072416250504307,
        "l2r_loss": 2.665022960229098,
        "time": 198.10954356193542,
        "lr": 0.00010000000000000002
    },
    "6": {
        "total_loss": 2.5058938762528022,
        "r2l_loss": 2.4991199032262643,
        "l2r_loss": 2.5668602086940306,
        "time": 197.42167711257935,
        "lr": 0.00010000000000000002
    },
    "7": {
        "total_loss": 2.4229671859085444,
        "r2l_loss": 2.4155158299828323,
        "l2r_loss": 2.490030000041182,
        "time": 196.1571397781372,
        "lr": 0.00010000000000000002
    },
    "8": {
        "total_loss": 2.3524243801773648,
        "r2l_loss": 2.344059313034496,
        "l2r_loss": 2.4277105709658624,
        "time": 193.34899067878723,
        "lr": 0.00010000000000000002
    },
    "9": {
        "total_loss": 2.2920528653796857,
        "r2l_loss": 2.282895956386049,
        "l2r_loss": 2.374465589087698,
        "time": 189.4637200832367,
        "lr": 0.00010000000000000002
    },
    "10": {
        "total_loss": 2.238786088108782,
        "r2l_loss": 2.2286966799050276,
        "l2r_loss": 2.329591299262637,
        "time": 194.01283383369446,
        "lr": 0.00010000000000000002
    },
    "11": {
        "total_loss": 2.191407610836104,
        "r2l_loss": 2.1806600089743,
        "l2r_loss": 2.288136517720513,
        "time": 195.4125943183899,
        "lr": 0.00010000000000000002
    },
    "12": {
        "total_loss": 2.148492936886598,
        "r2l_loss": 2.1370266824667956,
        "l2r_loss": 2.2516897198376347,
        "time": 193.07553339004517,
        "lr": 0.00010000000000000002
    },
    "13": {
        "total_loss": 2.10952265042453,
        "r2l_loss": 2.097512787709302,
        "l2r_loss": 2.217611868044248,
        "time": 193.18966054916382,
        "lr": 0.00010000000000000002
    },
    "14": {
        "total_loss": 2.0723226893041833,
        "r2l_loss": 2.0595874440927635,
        "l2r_loss": 2.1869403692968703,
        "time": 197.12120699882507,
        "lr": 0.00010000000000000002
    },
    "15": {
        "total_loss": 1.9893150338957961,
        "r2l_loss": 1.976079265296108,
        "l2r_loss": 2.1084373883156506,
        "time": 196.2982759475708,
        "lr": 5.000000000000001e-05
    },
    "16": {
        "total_loss": 1.9601525988115074,
        "r2l_loss": 1.946545030255683,
        "l2r_loss": 2.082621145986152,
        "time": 198.49802017211914,
        "lr": 5.000000000000001e-05
    }
}