{
    "1": {
        "total_loss": 3.986730561275145,
        "r2l_loss": 3.9879364771786747,
        "l2r_loss": 3.985926410538274,
        "time": 258.08434200286865,
        "lr": 3.3333333333333335e-05
    },
    "2": {
        "total_loss": 3.3205567249380534,
        "r2l_loss": 3.305909562672988,
        "l2r_loss": 3.3303213220214096,
        "time": 113.65528702735901,
        "lr": 5.555555555555556e-05
    },
    "3": {
        "total_loss": 3.0457038588982903,
        "r2l_loss": 3.0280161017519083,
        "l2r_loss": 3.057495534302912,
        "time": 113.53818702697754,
        "lr": 7.777777777777778e-05
    },
    "4": {
        "total_loss": 2.865443815182609,
        "r2l_loss": 2.8466025044032772,
        "l2r_loss": 2.878004529738473,
        "time": 128.11469674110413,
        "lr": 0.00010000000000000002
    },
    "5": {
        "total_loss": 2.7261122495580046,
        "r2l_loss": 2.7073161796408693,
        "l2r_loss": 2.738642808379265,
        "time": 112.43826270103455,
        "lr": 0.00010000000000000002
    },
    "6": {
        "total_loss": 2.6227635283367103,
        "r2l_loss": 2.6039222387527436,
        "l2r_loss": 2.6353242380914144,
        "time": 112.37873530387878,
        "lr": 0.00010000000000000002
    },
    "7": {
        "total_loss": 2.540224155531885,
        "r2l_loss": 2.520559051064939,
        "l2r_loss": 2.553334086138045,
        "time": 128.849276304245,
        "lr": 0.00010000000000000002
    },
    "8": {
        "total_loss": 2.471345866944326,
        "r2l_loss": 2.451382225119529,
        "l2r_loss": 2.484654835844321,
        "time": 112.90175914764404,
        "lr": 0.00010000000000000002
    },
    "9": {
        "total_loss": 2.4115629336688746,
        "r2l_loss": 2.3914865817442856,
        "l2r_loss": 2.4249470519644807,
        "time": 115.44934558868408,
        "lr": 0.00010000000000000002
    },
    "10": {
        "total_loss": 2.3593332500495237,
        "r2l_loss": 2.3384431871075058,
        "l2r_loss": 2.3732598504757836,
        "time": 112.37780237197876,
        "lr": 0.00010000000000000002
    },
    "11": {
        "total_loss": 2.3119651236093817,
        "r2l_loss": 2.290875962710334,
        "l2r_loss": 2.326024453801584,
        "time": 119.79112887382507,
        "lr": 0.00010000000000000002
    },
    "12": {
        "total_loss": 2.2689522673432627,
        "r2l_loss": 2.247685997682845,
        "l2r_loss": 2.283129681772708,
        "time": 118.27017831802368,
        "lr": 0.00010000000000000002
    },
    "13": {
        "total_loss": 2.22955619896559,
        "r2l_loss": 2.2092410958937436,
        "l2r_loss": 2.24309949638333,
        "time": 112.86824989318848,
        "lr": 0.00010000000000000002
    },
    "14": {
        "total_loss": 2.192626550413068,
        "r2l_loss": 2.1720066009078374,
        "l2r_loss": 2.206373078883982,
        "time": 113.12563633918762,
        "lr": 0.00010000000000000002
    },
    "15": {
        "total_loss": 2.157801293495362,
        "r2l_loss": 2.137538985735307,
        "l2r_loss": 2.1713093948973183,
        "time": 120.10013794898987,
        "lr": 0.00010000000000000002
    },
    "16": {
        "total_loss": 2.125321610093351,
        "r2l_loss": 2.105360207365632,
        "l2r_loss": 2.138629109252881,
        "time": 113.72629976272583,
        "lr": 0.00010000000000000002
    }
}