{
    "1": {
        "total_loss": 3.884135032332482,
        "r2l_loss": 3.9061269525928908,
        "l2r_loss": 3.86214311499961,
        "time": 109.91028189659119,
        "lr": 3.3333333333333335e-05
    },
    "2": {
        "total_loss": 3.2112367892077955,
        "r2l_loss": 3.225800991409654,
        "l2r_loss": 3.1966725840784007,
        "time": 103.85992813110352,
        "lr": 5.555555555555556e-05
    },
    "3": {
        "total_loss": 2.938504148091689,
        "r2l_loss": 2.951086125579939,
        "l2r_loss": 2.92592217224286,
        "time": 104.83305501937866,
        "lr": 7.777777777777778e-05
    },
    "4": {
        "total_loss": 2.758141496092491,
        "r2l_loss": 2.768375862206832,
        "l2r_loss": 2.747907126465106,
        "time": 106.45833587646484,
        "lr": 0.00010000000000000002
    },
    "5": {
        "total_loss": 2.614890278673828,
        "r2l_loss": 2.623336192666899,
        "l2r_loss": 2.6064443640952493,
        "time": 106.93501210212708,
        "lr": 0.00010000000000000002
    },
    "6": {
        "total_loss": 2.5086242120954516,
        "r2l_loss": 2.5157503695291243,
        "l2r_loss": 2.501498054193373,
        "time": 105.49969816207886,
        "lr": 0.00010000000000000002
    },
    "7": {
        "total_loss": 2.4233379313660044,
        "r2l_loss": 2.4293796498555333,
        "l2r_loss": 2.417296211822562,
        "time": 105.26328921318054,
        "lr": 0.00010000000000000002
    },
    "8": {
        "total_loss": 2.3519796184566024,
        "r2l_loss": 2.357319026775585,
        "l2r_loss": 2.3466402079126922,
        "time": 103.75338125228882,
        "lr": 0.00010000000000000002
    },
    "9": {
        "total_loss": 2.2888906752665057,
        "r2l_loss": 2.294160563140112,
        "l2r_loss": 2.2836207969366686,
        "time": 105.56279587745667,
        "lr": 0.00010000000000000002
    },
    "10": {
        "total_loss": 2.234490186971391,
        "r2l_loss": 2.239631363649968,
        "l2r_loss": 2.229349014449916,
        "time": 104.4475929737091,
        "lr": 0.00010000000000000002
    },
    "11": {
        "total_loss": 2.1840531642755496,
        "r2l_loss": 2.1884895007479166,
        "l2r_loss": 2.179616818727819,
        "time": 106.34955310821533,
        "lr": 0.00010000000000000002
    },
    "12": {
        "total_loss": 2.138640544854822,
        "r2l_loss": 2.143350586148751,
        "l2r_loss": 2.1339304988182834,
        "time": 104.21451711654663,
        "lr": 0.00010000000000000002
    },
    "13": {
        "total_loss": 2.051813503086918,
        "r2l_loss": 2.0572781449216757,
        "l2r_loss": 2.0463488569194066,
        "time": 105.13551831245422,
        "lr": 5.000000000000001e-05
    },
    "14": {
        "total_loss": 2.0206575930586967,
        "r2l_loss": 2.026420712353907,
        "l2r_loss": 2.014894473002327,
        "time": 103.80005288124084,
        "lr": 5.000000000000001e-05
    },
    "15": {
        "total_loss": 1.9967967400030913,
        "r2l_loss": 2.003015216827861,
        "l2r_loss": 1.9905782637638287,
        "time": 105.67740321159363,
        "lr": 5.000000000000001e-05
    },
    "16": {
        "total_loss": 1.9746468034966287,
        "r2l_loss": 1.9807914772998607,
        "l2r_loss": 1.9685021282881792,
        "time": 105.24299120903015,
        "lr": 5.000000000000001e-05
    }
}