{
    "1": {
        "total_loss": 3.9469110081612713,
        "r2l_loss": 3.948807576550482,
        "l2r_loss": 3.945646426532498,
        "time": 171.61808276176453,
        "lr": 3.3333333333333335e-05
    },
    "2": {
        "total_loss": 3.2604817917866886,
        "r2l_loss": 3.2475856649149613,
        "l2r_loss": 3.269079037288786,
        "time": 172.16020011901855,
        "lr": 5.555555555555556e-05
    },
    "3": {
        "total_loss": 2.97651735328738,
        "r2l_loss": 2.9629246384081065,
        "l2r_loss": 2.9855789995380846,
        "time": 168.34997534751892,
        "lr": 7.777777777777778e-05
    },
    "4": {
        "total_loss": 2.7929180696577363,
        "r2l_loss": 2.7784020808216163,
        "l2r_loss": 2.8025952386715556,
        "time": 175.6969907283783,
        "lr": 0.00010000000000000002
    },
    "5": {
        "total_loss": 2.651894482976093,
        "r2l_loss": 2.635336400132282,
        "l2r_loss": 2.6629330547478904,
        "time": 172.79190158843994,
        "lr": 0.00010000000000000002
    },
    "6": {
        "total_loss": 2.548948817028278,
        "r2l_loss": 2.5309259615150554,
        "l2r_loss": 2.560963915701231,
        "time": 174.4899082183838,
        "lr": 0.00010000000000000002
    },
    "7": {
        "total_loss": 2.4690923368766873,
        "r2l_loss": 2.450050645118144,
        "l2r_loss": 2.4817866779029485,
        "time": 172.76311802864075,
        "lr": 0.00010000000000000002
    },
    "8": {
        "total_loss": 2.403177880702178,
        "r2l_loss": 2.383817453339901,
        "l2r_loss": 2.4160847193131514,
        "time": 172.83669781684875,
        "lr": 0.00010000000000000002
    },
    "9": {
        "total_loss": 2.3465877020757184,
        "r2l_loss": 2.326823254465354,
        "l2r_loss": 2.3597638915001995,
        "time": 173.31593990325928,
        "lr": 0.00010000000000000002
    },
    "10": {
        "total_loss": 2.297555689024785,
        "r2l_loss": 2.2770393936947895,
        "l2r_loss": 2.3112331145755904,
        "time": 171.33770084381104,
        "lr": 0.00010000000000000002
    },
    "11": {
        "total_loss": 2.2538036158370596,
        "r2l_loss": 2.233515422857112,
        "l2r_loss": 2.2673289726665775,
        "time": 168.80703115463257,
        "lr": 0.00010000000000000002
    },
    "12": {
        "total_loss": 2.2134022870794494,
        "r2l_loss": 2.192715924884575,
        "l2r_loss": 2.2271930888617204,
        "time": 170.8365399837494,
        "lr": 0.00010000000000000002
    },
    "13": {
        "total_loss": 2.1773133328246694,
        "r2l_loss": 2.155876766077896,
        "l2r_loss": 2.1916042741366124,
        "time": 167.59937119483948,
        "lr": 0.00010000000000000002
    },
    "14": {
        "total_loss": 2.1445470101589774,
        "r2l_loss": 2.1230211675986794,
        "l2r_loss": 2.15889746682583,
        "time": 170.59808468818665,
        "lr": 0.00010000000000000002
    },
    "15": {
        "total_loss": 2.1129979567935284,
        "r2l_loss": 2.09232184296741,
        "l2r_loss": 2.1267819233633913,
        "time": 172.26200246810913,
        "lr": 0.00010000000000000002
    },
    "16": {
        "total_loss": 2.0843169750656734,
        "r2l_loss": 2.064151772581524,
        "l2r_loss": 2.0977603441839836,
        "time": 170.93280339241028,
        "lr": 0.00010000000000000002
    }
}