{
    "1": {
        "total_loss": 3.928834206345976,
        "r2l_loss": 3.9291505451755113,
        "l2r_loss": 3.9286230974675163,
        "time": 197.49304270744324,
        "lr": 3.3333333333333335e-05
    },
    "2": {
        "total_loss": 3.237067033593453,
        "r2l_loss": 3.226001508812071,
        "l2r_loss": 3.244443880551456,
        "time": 193.64976835250854,
        "lr": 5.555555555555556e-05
    },
    "3": {
        "total_loss": 2.950813632231564,
        "r2l_loss": 2.9391345632333885,
        "l2r_loss": 2.958599522329267,
        "time": 193.22804999351501,
        "lr": 7.777777777777778e-05
    },
    "4": {
        "total_loss": 2.764021069572576,
        "r2l_loss": 2.7517303993050852,
        "l2r_loss": 2.7722146931472134,
        "time": 191.50391006469727,
        "lr": 0.00010000000000000002
    },
    "5": {
        "total_loss": 2.6179057597411406,
        "r2l_loss": 2.60477256107424,
        "l2r_loss": 2.6266610793374143,
        "time": 189.40409302711487,
        "lr": 0.00010000000000000002
    },
    "6": {
        "total_loss": 2.5133858944906,
        "r2l_loss": 2.4980467515750577,
        "l2r_loss": 2.5236118588091583,
        "time": 191.0287709236145,
        "lr": 0.00010000000000000002
    },
    "7": {
        "total_loss": 2.429073552368666,
        "r2l_loss": 2.412976347685797,
        "l2r_loss": 2.4398049042360723,
        "time": 187.3267958164215,
        "lr": 0.00010000000000000002
    },
    "8": {
        "total_loss": 2.359172412595018,
        "r2l_loss": 2.342253946309474,
        "l2r_loss": 2.370451274110198,
        "time": 190.93915271759033,
        "lr": 0.00010000000000000002
    },
    "9": {
        "total_loss": 2.299514426346612,
        "r2l_loss": 2.283412310545477,
        "l2r_loss": 2.3102490694677433,
        "time": 189.57060408592224,
        "lr": 0.00010000000000000002
    },
    "10": {
        "total_loss": 2.2475652470452845,
        "r2l_loss": 2.230873718594287,
        "l2r_loss": 2.258692830156952,
        "time": 198.9697389602661,
        "lr": 0.00010000000000000002
    },
    "11": {
        "total_loss": 2.2003796457775917,
        "r2l_loss": 2.1842179094058825,
        "l2r_loss": 2.2111540326669314,
        "time": 202.49556803703308,
        "lr": 0.00010000000000000002
    },
    "12": {
        "total_loss": 2.158444616789902,
        "r2l_loss": 2.141194078800486,
        "l2r_loss": 2.1699448750740418,
        "time": 198.6372709274292,
        "lr": 0.00010000000000000002
    },
    "13": {
        "total_loss": 2.118910342513461,
        "r2l_loss": 2.1027314599113054,
        "l2r_loss": 2.1296961615502483,
        "time": 201.6112470626831,
        "lr": 0.00010000000000000002
    },
    "14": {
        "total_loss": 2.0830220708327114,
        "r2l_loss": 2.0667593703991303,
        "l2r_loss": 2.0938637713903527,
        "time": 192.16008019447327,
        "lr": 0.00010000000000000002
    },
    "15": {
        "total_loss": 2.0020604814550964,
        "r2l_loss": 1.9857294095171458,
        "l2r_loss": 2.0129477597758436,
        "time": 191.99379682540894,
        "lr": 5.000000000000001e-05
    },
    "16": {
        "total_loss": 1.972367209453714,
        "r2l_loss": 1.9561722845366052,
        "l2r_loss": 1.9831637236013393,
        "time": 200.4720766544342,
        "lr": 5.000000000000001e-05
    }
}