{
    "1": {
        "total_loss": 3.6513897744986306,
        "r2l_loss": 3.6539799258376386,
        "l2r_loss": 3.6496628158687376,
        "time": 193.6250913143158,
        "lr": 3.3333333333333335e-05
    },
    "2": {
        "total_loss": 3.0315666644887043,
        "r2l_loss": 3.0211959011662453,
        "l2r_loss": 3.038480349280277,
        "time": 195.4368143081665,
        "lr": 5.555555555555556e-05
    },
    "3": {
        "total_loss": 2.773479828783009,
        "r2l_loss": 2.762138295384428,
        "l2r_loss": 2.7810406989339294,
        "time": 195.2151210308075,
        "lr": 7.777777777777778e-05
    },
    "4": {
        "total_loss": 2.60449900128284,
        "r2l_loss": 2.5918386158165623,
        "l2r_loss": 2.6129391153575394,
        "time": 196.89862298965454,
        "lr": 0.00010000000000000002
    },
    "5": {
        "total_loss": 2.471870538527933,
        "r2l_loss": 2.457012649603583,
        "l2r_loss": 2.4817756683746817,
        "time": 198.38623595237732,
        "lr": 0.00010000000000000002
    },
    "6": {
        "total_loss": 2.3743843026386027,
        "r2l_loss": 2.358127010594651,
        "l2r_loss": 2.385222385405089,
        "time": 194.08705043792725,
        "lr": 0.00010000000000000002
    },
    "7": {
        "total_loss": 2.2973011571672437,
        "r2l_loss": 2.2811591166761396,
        "l2r_loss": 2.308062411361687,
        "time": 193.42417359352112,
        "lr": 0.00010000000000000002
    },
    "8": {
        "total_loss": 2.2327517888752086,
        "r2l_loss": 2.216008266262081,
        "l2r_loss": 2.24391403501535,
        "time": 198.23835945129395,
        "lr": 0.00010000000000000002
    },
    "9": {
        "total_loss": 2.177296940727646,
        "r2l_loss": 2.1603566471977644,
        "l2r_loss": 2.1885903641025304,
        "time": 198.9052505493164,
        "lr": 0.00010000000000000002
    },
    "10": {
        "total_loss": 2.1294999091002236,
        "r2l_loss": 2.1115755406601724,
        "l2r_loss": 2.1414493821810177,
        "time": 198.79433917999268,
        "lr": 0.00010000000000000002
    },
    "11": {
        "total_loss": 2.086127552805809,
        "r2l_loss": 2.0681431240206383,
        "l2r_loss": 2.098117066682673,
        "time": 194.49536800384521,
        "lr": 0.00010000000000000002
    },
    "12": {
        "total_loss": 2.0468334593098385,
        "r2l_loss": 2.0289585953962592,
        "l2r_loss": 2.0587499347206184,
        "time": 199.02585244178772,
        "lr": 0.00010000000000000002
    },
    "13": {
        "total_loss": 2.0112155251395256,
        "r2l_loss": 1.9936246380122096,
        "l2r_loss": 2.022942677755019,
        "time": 200.61702942848206,
        "lr": 0.00010000000000000002
    },
    "14": {
        "total_loss": 1.9775505663720938,
        "r2l_loss": 1.9597030732275695,
        "l2r_loss": 1.9894487983702676,
        "time": 197.04834699630737,
        "lr": 0.00010000000000000002
    },
    "15": {
        "total_loss": 1.9462038249304345,
        "r2l_loss": 1.9290644411722195,
        "l2r_loss": 1.957629976021986,
        "time": 197.79466700553894,
        "lr": 0.00010000000000000002
    },
    "16": {
        "total_loss": 1.9181741195600956,
        "r2l_loss": 1.900733480519068,
        "l2r_loss": 1.9298011119567107,
        "time": 198.87092876434326,
        "lr": 0.00010000000000000002
    }
}