{
    "1": {
        "total_loss": 3.9177493872249056,
        "r2l_loss": 3.919984443599911,
        "l2r_loss": 3.916259148734492,
        "time": 148.87262558937073,
        "lr": 3.3333333333333335e-05
    },
    "2": {
        "total_loss": 3.2418642441041343,
        "r2l_loss": 3.2305090324349393,
        "l2r_loss": 3.2494342149123696,
        "time": 119.38830232620239,
        "lr": 5.555555555555556e-05
    },
    "3": {
        "total_loss": 2.95957178263861,
        "r2l_loss": 2.9477226918010673,
        "l2r_loss": 2.9674710199266143,
        "time": 119.62696385383606,
        "lr": 7.777777777777778e-05
    },
    "4": {
        "total_loss": 2.774236474500892,
        "r2l_loss": 2.761339036209878,
        "l2r_loss": 2.78283460599266,
        "time": 119.88499522209167,
        "lr": 0.00010000000000000002
    },
    "5": {
        "total_loss": 2.6290722300823637,
        "r2l_loss": 2.613972954642328,
        "l2r_loss": 2.6391382667076844,
        "time": 120.07057285308838,
        "lr": 0.00010000000000000002
    },
    "6": {
        "total_loss": 2.5224958701545925,
        "r2l_loss": 2.5059821489751926,
        "l2r_loss": 2.533504885985481,
        "time": 120.01137828826904,
        "lr": 0.00010000000000000002
    },
    "7": {
        "total_loss": 2.4383388671050605,
        "r2l_loss": 2.4219093688110473,
        "l2r_loss": 2.449291750642312,
        "time": 120.222900390625,
        "lr": 0.00010000000000000002
    },
    "8": {
        "total_loss": 2.3679648576878845,
        "r2l_loss": 2.3508293886315847,
        "l2r_loss": 2.3793883923228925,
        "time": 122.28784251213074,
        "lr": 0.00010000000000000002
    },
    "9": {
        "total_loss": 2.3075676170454043,
        "r2l_loss": 2.290229824413719,
        "l2r_loss": 2.3191260439005252,
        "time": 123.62001395225525,
        "lr": 0.00010000000000000002
    },
    "10": {
        "total_loss": 2.255513732349006,
        "r2l_loss": 2.2370327185319776,
        "l2r_loss": 2.2678343046507807,
        "time": 121.3594400882721,
        "lr": 0.00010000000000000002
    },
    "11": {
        "total_loss": 2.2081700062236522,
        "r2l_loss": 2.189603503478768,
        "l2r_loss": 2.220547568001775,
        "time": 122.82296824455261,
        "lr": 0.00010000000000000002
    },
    "12": {
        "total_loss": 2.1654464786905203,
        "r2l_loss": 2.1469413528039554,
        "l2r_loss": 2.177783128086382,
        "time": 120.87853837013245,
        "lr": 0.00010000000000000002
    },
    "13": {
        "total_loss": 2.126644247173092,
        "r2l_loss": 2.108448223011433,
        "l2r_loss": 2.1387748272105145,
        "time": 120.3247652053833,
        "lr": 0.00010000000000000002
    },
    "14": {
        "total_loss": 2.089949424878085,
        "r2l_loss": 2.071376417790977,
        "l2r_loss": 2.102331329832377,
        "time": 121.86067843437195,
        "lr": 0.00010000000000000002
    },
    "15": {
        "total_loss": 2.05588898144677,
        "r2l_loss": 2.038027418444339,
        "l2r_loss": 2.067796586011857,
        "time": 121.42196083068848,
        "lr": 0.00010000000000000002
    },
    "16": {
        "total_loss": 1.9773879481556373,
        "r2l_loss": 1.9590646229347686,
        "l2r_loss": 1.9896033988251902,
        "time": 123.57962894439697,
        "lr": 5.000000000000001e-05
    }
}