{
    "1": {
        "total_loss": 3.913804039388368,
        "r2l_loss": 3.909348610693439,
        "l2r_loss": 3.9182594752264865,
        "time": 191.99884629249573,
        "lr": 3.3333333333333335e-05
    },
    "2": {
        "total_loss": 3.2328564959097004,
        "r2l_loss": 3.2200243717795036,
        "l2r_loss": 3.2456886248410566,
        "time": 206.20038175582886,
        "lr": 5.555555555555556e-05
    },
    "3": {
        "total_loss": 2.9470564632846705,
        "r2l_loss": 2.933249961416473,
        "l2r_loss": 2.960862960117505,
        "time": 195.75237464904785,
        "lr": 7.777777777777778e-05
    },
    "4": {
        "total_loss": 2.7581459306078013,
        "r2l_loss": 2.7427832998320723,
        "l2r_loss": 2.773508562320342,
        "time": 187.15911316871643,
        "lr": 0.00010000000000000002
    },
    "5": {
        "total_loss": 2.6091765869108774,
        "r2l_loss": 2.591215170202649,
        "l2r_loss": 2.627138009708382,
        "time": 195.5337245464325,
        "lr": 0.00010000000000000002
    },
    "6": {
        "total_loss": 2.4999391942455165,
        "r2l_loss": 2.4803993535650735,
        "l2r_loss": 2.5194790319984226,
        "time": 198.60163521766663,
        "lr": 0.00010000000000000002
    },
    "7": {
        "total_loss": 2.41278853749011,
        "r2l_loss": 2.393111790210184,
        "l2r_loss": 2.4324652858239495,
        "time": 189.59204602241516,
        "lr": 0.00010000000000000002
    },
    "8": {
        "total_loss": 2.339535909457853,
        "r2l_loss": 2.3182345196048497,
        "l2r_loss": 2.3608372965004216,
        "time": 197.65656161308289,
        "lr": 0.00010000000000000002
    },
    "9": {
        "total_loss": 2.2764617321182095,
        "r2l_loss": 2.253972688393415,
        "l2r_loss": 2.298950780644164,
        "time": 191.0246753692627,
        "lr": 0.00010000000000000002
    },
    "10": {
        "total_loss": 2.2219268347636185,
        "r2l_loss": 2.1986717653766363,
        "l2r_loss": 2.2451819069024856,
        "time": 199.81252121925354,
        "lr": 0.00010000000000000002
    },
    "11": {
        "total_loss": 2.1724638078208054,
        "r2l_loss": 2.1487220885828577,
        "l2r_loss": 2.196205530571797,
        "time": 192.60840129852295,
        "lr": 0.00010000000000000002
    },
    "12": {
        "total_loss": 2.127129530742735,
        "r2l_loss": 2.1027952714846974,
        "l2r_loss": 2.151463789005411,
        "time": 191.411039352417,
        "lr": 0.00010000000000000002
    },
    "13": {
        "total_loss": 2.0859067050670594,
        "r2l_loss": 2.0615374807173237,
        "l2r_loss": 2.11027592420578,
        "time": 195.65268325805664,
        "lr": 0.00010000000000000002
    },
    "14": {
        "total_loss": 2.0461711032217282,
        "r2l_loss": 2.021359842395033,
        "l2r_loss": 2.0709823571979884,
        "time": 185.9732322692871,
        "lr": 0.00010000000000000002
    },
    "15": {
        "total_loss": 2.0113167953631734,
        "r2l_loss": 1.9864001482549491,
        "l2r_loss": 2.036233444110818,
        "time": 193.16687989234924,
        "lr": 0.00010000000000000002
    },
    "16": {
        "total_loss": 1.9284065591211637,
        "r2l_loss": 1.9028120032696452,
        "l2r_loss": 1.9540011167292042,
        "time": 187.34994554519653,
        "lr": 5.000000000000001e-05
    }
}