{
    "1": {
        "total_loss": 3.933877383913179,
        "r2l_loss": 3.9301730341667747,
        "l2r_loss": 3.936346732914331,
        "time": 182.99823141098022,
        "lr": 3.3333333333333335e-05
    },
    "2": {
        "total_loss": 3.2531648924636465,
        "r2l_loss": 3.237922720684284,
        "l2r_loss": 3.2633261634933457,
        "time": 181.4754102230072,
        "lr": 5.555555555555556e-05
    },
    "3": {
        "total_loss": 2.9708666389255485,
        "r2l_loss": 2.9541604395933843,
        "l2r_loss": 2.982003946435475,
        "time": 182.8843879699707,
        "lr": 7.777777777777778e-05
    },
    "4": {
        "total_loss": 2.785751496878963,
        "r2l_loss": 2.7679158972616515,
        "l2r_loss": 2.7976417389272004,
        "time": 180.98971223831177,
        "lr": 0.00010000000000000002
    },
    "5": {
        "total_loss": 2.6415990710492685,
        "r2l_loss": 2.6226465928062708,
        "l2r_loss": 2.654233901111925,
        "time": 182.14608907699585,
        "lr": 0.00010000000000000002
    },
    "6": {
        "total_loss": 2.5360441173926316,
        "r2l_loss": 2.5161591969679287,
        "l2r_loss": 2.5493005927513064,
        "time": 181.8036277294159,
        "lr": 0.00010000000000000002
    },
    "7": {
        "total_loss": 2.4537327962914715,
        "r2l_loss": 2.4328770491720886,
        "l2r_loss": 2.4676365066605137,
        "time": 182.2547345161438,
        "lr": 0.00010000000000000002
    },
    "8": {
        "total_loss": 2.384151565068363,
        "r2l_loss": 2.3631408523716955,
        "l2r_loss": 2.398158594761007,
        "time": 180.1306791305542,
        "lr": 0.00010000000000000002
    },
    "9": {
        "total_loss": 2.3250292391463208,
        "r2l_loss": 2.304127861509623,
        "l2r_loss": 2.3389633791502895,
        "time": 182.07428121566772,
        "lr": 0.00010000000000000002
    },
    "10": {
        "total_loss": 2.2727748272695334,
        "r2l_loss": 2.251966062252554,
        "l2r_loss": 2.286647231206444,
        "time": 182.4340569972992,
        "lr": 0.00010000000000000002
    },
    "11": {
        "total_loss": 2.2259764502699575,
        "r2l_loss": 2.2054243519287446,
        "l2r_loss": 2.2396777477737495,
        "time": 181.90169882774353,
        "lr": 0.00010000000000000002
    },
    "12": {
        "total_loss": 2.1839988023218333,
        "r2l_loss": 2.1626811498274736,
        "l2r_loss": 2.1982104686365145,
        "time": 182.00418496131897,
        "lr": 0.00010000000000000002
    },
    "13": {
        "total_loss": 2.144977619172548,
        "r2l_loss": 2.125307245666714,
        "l2r_loss": 2.1580911017588407,
        "time": 181.2342870235443,
        "lr": 0.00010000000000000002
    },
    "14": {
        "total_loss": 2.108640509410551,
        "r2l_loss": 2.08903361303633,
        "l2r_loss": 2.1217116743970243,
        "time": 180.3822090625763,
        "lr": 0.00010000000000000002
    },
    "15": {
        "total_loss": 2.075151585818274,
        "r2l_loss": 2.055269388119692,
        "l2r_loss": 2.0884062768434024,
        "time": 181.98637580871582,
        "lr": 0.00010000000000000002
    },
    "16": {
        "total_loss": 1.9972886392784492,
        "r2l_loss": 1.9781049490560483,
        "l2r_loss": 2.010077664332212,
        "time": 182.59761548042297,
        "lr": 5.000000000000001e-05
    }
}