{
    "1": {
        "total_loss": 3.920242903040528,
        "r2l_loss": 3.9158083838657687,
        "l2r_loss": 3.92467742561123,
        "time": 194.4420473575592,
        "lr": 3.3333333333333335e-05
    },
    "2": {
        "total_loss": 3.2366442892312537,
        "r2l_loss": 3.224943770992264,
        "l2r_loss": 3.2483448038400975,
        "time": 192.09786868095398,
        "lr": 5.555555555555556e-05
    },
    "3": {
        "total_loss": 2.948606249859853,
        "r2l_loss": 2.9354578810496976,
        "l2r_loss": 2.9617546165621818,
        "time": 194.7051877975464,
        "lr": 7.777777777777778e-05
    },
    "4": {
        "total_loss": 2.757791547386492,
        "r2l_loss": 2.742853422061868,
        "l2r_loss": 2.772729671774304,
        "time": 195.54543709754944,
        "lr": 0.00010000000000000002
    },
    "5": {
        "total_loss": 2.606373869951207,
        "r2l_loss": 2.5883311256912696,
        "l2r_loss": 2.6244166087073757,
        "time": 195.8386881351471,
        "lr": 0.00010000000000000002
    },
    "6": {
        "total_loss": 2.4935780385388373,
        "r2l_loss": 2.4734709231230507,
        "l2r_loss": 2.5136851555940445,
        "time": 195.61366319656372,
        "lr": 0.00010000000000000002
    },
    "7": {
        "total_loss": 2.4034992681856475,
        "r2l_loss": 2.381837108514632,
        "l2r_loss": 2.425161430198692,
        "time": 189.60434103012085,
        "lr": 0.00010000000000000002
    },
    "8": {
        "total_loss": 2.328879694807506,
        "r2l_loss": 2.3062608019542132,
        "l2r_loss": 2.3514985832109434,
        "time": 189.5054967403412,
        "lr": 0.00010000000000000002
    },
    "9": {
        "total_loss": 2.2651667494787917,
        "r2l_loss": 2.2420635831730773,
        "l2r_loss": 2.288269923630304,
        "time": 189.7699191570282,
        "lr": 0.00010000000000000002
    },
    "10": {
        "total_loss": 2.207890223016439,
        "r2l_loss": 2.1841371063516277,
        "l2r_loss": 2.2316433301960323,
        "time": 191.14306807518005,
        "lr": 0.00010000000000000002
    },
    "11": {
        "total_loss": 2.156729522880262,
        "r2l_loss": 2.132134626738449,
        "l2r_loss": 2.181324416153089,
        "time": 187.96638941764832,
        "lr": 0.00010000000000000002
    },
    "12": {
        "total_loss": 2.1103902486663437,
        "r2l_loss": 2.08578391054056,
        "l2r_loss": 2.1349965807614018,
        "time": 190.43089079856873,
        "lr": 0.00010000000000000002
    },
    "13": {
        "total_loss": 2.0676667981274237,
        "r2l_loss": 2.043139787753111,
        "l2r_loss": 2.092193811663476,
        "time": 193.2048909664154,
        "lr": 0.00010000000000000002
    },
    "14": {
        "total_loss": 2.027976923349564,
        "r2l_loss": 2.0038367407963644,
        "l2r_loss": 2.0521171049074014,
        "time": 195.56675219535828,
        "lr": 0.00010000000000000002
    },
    "15": {
        "total_loss": 1.9905571420558075,
        "r2l_loss": 1.9655764632234405,
        "l2r_loss": 2.0155378187217976,
        "time": 197.1189067363739,
        "lr": 0.00010000000000000002
    },
    "16": {
        "total_loss": 1.9057103316418549,
        "r2l_loss": 1.8802778090264334,
        "l2r_loss": 1.9311428507442325,
        "time": 198.0505805015564,
        "lr": 5.000000000000001e-05
    }
}