{
    "1": {
        "total_loss": 3.9258162277386557,
        "r2l_loss": 3.933268069401237,
        "l2r_loss": 3.9208481301258966,
        "time": 191.43050622940063,
        "lr": 3.3333333333333335e-05
    },
    "2": {
        "total_loss": 3.2518931355598166,
        "r2l_loss": 3.2391610412560183,
        "l2r_loss": 3.260381027851217,
        "time": 186.63363790512085,
        "lr": 5.555555555555556e-05
    },
    "3": {
        "total_loss": 2.9680375946294113,
        "r2l_loss": 2.9542102612306187,
        "l2r_loss": 2.9772556637265595,
        "time": 189.8234760761261,
        "lr": 7.777777777777778e-05
    },
    "4": {
        "total_loss": 2.783283507660002,
        "r2l_loss": 2.769450553859381,
        "l2r_loss": 2.7925053176804937,
        "time": 185.62142133712769,
        "lr": 0.00010000000000000002
    },
    "5": {
        "total_loss": 2.6384072273325594,
        "r2l_loss": 2.6233305039949175,
        "l2r_loss": 2.648458227544496,
        "time": 181.66078877449036,
        "lr": 0.00010000000000000002
    },
    "6": {
        "total_loss": 2.534345784215421,
        "r2l_loss": 2.5183703512948714,
        "l2r_loss": 2.5449959386308443,
        "time": 181.3594102859497,
        "lr": 0.00010000000000000002
    },
    "7": {
        "total_loss": 2.4515094362448147,
        "r2l_loss": 2.434501574175297,
        "l2r_loss": 2.4628478894065076,
        "time": 192.35905981063843,
        "lr": 0.00010000000000000002
    },
    "8": {
        "total_loss": 2.3825123701208,
        "r2l_loss": 2.366338834898411,
        "l2r_loss": 2.393294615572234,
        "time": 180.93398761749268,
        "lr": 0.00010000000000000002
    },
    "9": {
        "total_loss": 2.323662187003902,
        "r2l_loss": 2.3059918477633614,
        "l2r_loss": 2.3354423090610616,
        "time": 186.4202516078949,
        "lr": 0.00010000000000000002
    },
    "10": {
        "total_loss": 2.271983610740579,
        "r2l_loss": 2.2548084639612958,
        "l2r_loss": 2.283433604099896,
        "time": 187.62977647781372,
        "lr": 0.00010000000000000002
    },
    "11": {
        "total_loss": 2.225225914672222,
        "r2l_loss": 2.2080037200380636,
        "l2r_loss": 2.2367072655784592,
        "time": 180.7505533695221,
        "lr": 0.00010000000000000002
    },
    "12": {
        "total_loss": 2.1833936710840125,
        "r2l_loss": 2.166356266481703,
        "l2r_loss": 2.1947518406190665,
        "time": 185.8605420589447,
        "lr": 0.00010000000000000002
    },
    "13": {
        "total_loss": 2.144309994162651,
        "r2l_loss": 2.1269377245767176,
        "l2r_loss": 2.1558914054002183,
        "time": 181.51764011383057,
        "lr": 0.00010000000000000002
    },
    "14": {
        "total_loss": 2.1088168407353063,
        "r2l_loss": 2.0927773754465555,
        "l2r_loss": 2.119509716809147,
        "time": 188.6255476474762,
        "lr": 0.00010000000000000002
    },
    "15": {
        "total_loss": 2.076048396249651,
        "r2l_loss": 2.0597167369893117,
        "l2r_loss": 2.0869360707246485,
        "time": 189.92609643936157,
        "lr": 0.00010000000000000002
    },
    "16": {
        "total_loss": 2.044607293512123,
        "r2l_loss": 2.0291853879664408,
        "l2r_loss": 2.054888459577542,
        "time": 188.4183177947998,
        "lr": 0.00010000000000000002
    }
}