{
    "1": {
        "total_loss": 3.889902914788259,
        "r2l_loss": 3.912717096932042,
        "l2r_loss": 3.867088738148245,
        "time": 108.49571204185486,
        "lr": 3.3333333333333335e-05
    },
    "2": {
        "total_loss": 3.22432470298235,
        "r2l_loss": 3.2382322946793907,
        "l2r_loss": 3.210417110348497,
        "time": 107.35185122489929,
        "lr": 5.555555555555556e-05
    },
    "3": {
        "total_loss": 2.9528574739785935,
        "r2l_loss": 2.96393893392709,
        "l2r_loss": 2.9417760137958937,
        "time": 108.44900298118591,
        "lr": 7.777777777777778e-05
    },
    "4": {
        "total_loss": 2.7737805177045947,
        "r2l_loss": 2.78209809376355,
        "l2r_loss": 2.765462940591726,
        "time": 100.84395027160645,
        "lr": 0.00010000000000000002
    },
    "5": {
        "total_loss": 2.6320031432833795,
        "r2l_loss": 2.6383280269289298,
        "l2r_loss": 2.6256782587010172,
        "time": 110.67290997505188,
        "lr": 0.00010000000000000002
    },
    "6": {
        "total_loss": 2.5266254286634897,
        "r2l_loss": 2.531548977835005,
        "l2r_loss": 2.521701877618351,
        "time": 107.3685142993927,
        "lr": 0.00010000000000000002
    },
    "7": {
        "total_loss": 2.4428771026944833,
        "r2l_loss": 2.4470767309717205,
        "l2r_loss": 2.438677473363333,
        "time": 109.36594247817993,
        "lr": 0.00010000000000000002
    },
    "8": {
        "total_loss": 2.3729918884856294,
        "r2l_loss": 2.37618979700422,
        "l2r_loss": 2.3697939830116765,
        "time": 104.6232168674469,
        "lr": 0.00010000000000000002
    },
    "9": {
        "total_loss": 2.3114676086748043,
        "r2l_loss": 2.3146953555830336,
        "l2r_loss": 2.308239854799038,
        "time": 104.83614468574524,
        "lr": 0.00010000000000000002
    },
    "10": {
        "total_loss": 2.258474538157637,
        "r2l_loss": 2.2615508453550883,
        "l2r_loss": 2.255398235058738,
        "time": 106.74627780914307,
        "lr": 0.00010000000000000002
    },
    "11": {
        "total_loss": 2.209607571656203,
        "r2l_loss": 2.2120836424569954,
        "l2r_loss": 2.2071314999185985,
        "time": 106.41297197341919,
        "lr": 0.00010000000000000002
    },
    "12": {
        "total_loss": 2.165587964015766,
        "r2l_loss": 2.1680505131691516,
        "l2r_loss": 2.163125414218322,
        "time": 108.9903039932251,
        "lr": 0.00010000000000000002
    },
    "13": {
        "total_loss": 2.080602003689599,
        "r2l_loss": 2.083498132193721,
        "l2r_loss": 2.077705872901999,
        "time": 109.61783051490784,
        "lr": 5.000000000000001e-05
    },
    "14": {
        "total_loss": 2.0500532314327704,
        "r2l_loss": 2.053468251099521,
        "l2r_loss": 2.046638212644281,
        "time": 106.89394164085388,
        "lr": 5.000000000000001e-05
    },
    "15": {
        "total_loss": 2.0272383465631068,
        "r2l_loss": 2.0313257880669915,
        "l2r_loss": 2.0231509104458896,
        "time": 108.41824674606323,
        "lr": 5.000000000000001e-05
    },
    "16": {
        "total_loss": 2.005464235726883,
        "r2l_loss": 2.009892100025488,
        "l2r_loss": 2.001036374297264,
        "time": 107.83194708824158,
        "lr": 5.000000000000001e-05
    }
}