{
    "1": {
        "total_loss": 3.9183221191226383,
        "r2l_loss": 3.9210340435706326,
        "l2r_loss": 3.916513964328878,
        "time": 198.3468039035797,
        "lr": 3.3333333333333335e-05
    },
    "2": {
        "total_loss": 3.24259179818841,
        "r2l_loss": 3.231550148521753,
        "l2r_loss": 3.2499527298865476,
        "time": 191.46512413024902,
        "lr": 5.555555555555556e-05
    },
    "3": {
        "total_loss": 2.9606357768382914,
        "r2l_loss": 2.948751310000017,
        "l2r_loss": 2.968558594847943,
        "time": 201.53866505622864,
        "lr": 7.777777777777778e-05
    },
    "4": {
        "total_loss": 2.7754892772447852,
        "r2l_loss": 2.7626935288105123,
        "l2r_loss": 2.784019618113992,
        "time": 200.6218433380127,
        "lr": 0.00010000000000000002
    },
    "5": {
        "total_loss": 2.6303935070871605,
        "r2l_loss": 2.615311359492641,
        "l2r_loss": 2.6404481242119915,
        "time": 197.10059237480164,
        "lr": 0.00010000000000000002
    },
    "6": {
        "total_loss": 2.524188892429142,
        "r2l_loss": 2.5079712187377314,
        "l2r_loss": 2.535000535617409,
        "time": 200.98126196861267,
        "lr": 0.00010000000000000002
    },
    "7": {
        "total_loss": 2.4399718800321777,
        "r2l_loss": 2.4239380155893113,
        "l2r_loss": 2.450661006400065,
        "time": 198.51917099952698,
        "lr": 0.00010000000000000002
    },
    "8": {
        "total_loss": 2.3700455297187175,
        "r2l_loss": 2.3533598234353694,
        "l2r_loss": 2.381169223598038,
        "time": 202.25212621688843,
        "lr": 0.00010000000000000002
    },
    "9": {
        "total_loss": 2.309573223056868,
        "r2l_loss": 2.2926413969581394,
        "l2r_loss": 2.320861000794559,
        "time": 198.29631876945496,
        "lr": 0.00010000000000000002
    },
    "10": {
        "total_loss": 2.2578042116755355,
        "r2l_loss": 2.240035027031346,
        "l2r_loss": 2.2696502291266247,
        "time": 198.30145263671875,
        "lr": 0.00010000000000000002
    },
    "11": {
        "total_loss": 2.210366908014406,
        "r2l_loss": 2.192696100894969,
        "l2r_loss": 2.222147341971313,
        "time": 189.53516745567322,
        "lr": 0.00010000000000000002
    },
    "12": {
        "total_loss": 2.167760386096939,
        "r2l_loss": 2.1497323951575984,
        "l2r_loss": 2.1797789418392894,
        "time": 190.02180337905884,
        "lr": 0.00010000000000000002
    },
    "13": {
        "total_loss": 2.1289941513936506,
        "r2l_loss": 2.1115466147251354,
        "l2r_loss": 2.1406257333479135,
        "time": 197.19295477867126,
        "lr": 0.00010000000000000002
    },
    "14": {
        "total_loss": 2.0926387589315065,
        "r2l_loss": 2.074390853025122,
        "l2r_loss": 2.1048039238321756,
        "time": 195.5687096118927,
        "lr": 0.00010000000000000002
    },
    "15": {
        "total_loss": 2.0589505839792825,
        "r2l_loss": 2.041641363753317,
        "l2r_loss": 2.0704899585434404,
        "time": 195.95459914207458,
        "lr": 0.00010000000000000002
    },
    "16": {
        "total_loss": 1.9806164402390276,
        "r2l_loss": 1.9632210451048344,
        "l2r_loss": 1.9922132698164006,
        "time": 193.90077376365662,
        "lr": 5.000000000000001e-05
    }
}