{
    "1": {
        "total_loss": 3.9185111371613672,
        "r2l_loss": 3.9117114678581477,
        "l2r_loss": 3.9253108096263265,
        "time": 196.10662961006165,
        "lr": 3.3333333333333335e-05
    },
    "2": {
        "total_loss": 3.244712593044888,
        "r2l_loss": 3.226636921492916,
        "l2r_loss": 3.2627882614351207,
        "time": 201.01431560516357,
        "lr": 5.555555555555556e-05
    },
    "3": {
        "total_loss": 2.9659818734073453,
        "r2l_loss": 2.948700493702954,
        "l2r_loss": 2.98326325662478,
        "time": 197.40339493751526,
        "lr": 7.777777777777778e-05
    },
    "4": {
        "total_loss": 2.783598913659281,
        "r2l_loss": 2.7661506388416925,
        "l2r_loss": 2.8010471902333918,
        "time": 195.8372242450714,
        "lr": 0.00010000000000000002
    },
    "5": {
        "total_loss": 2.640880129192105,
        "r2l_loss": 2.621421147072011,
        "l2r_loss": 2.6603391117806052,
        "time": 198.68011784553528,
        "lr": 0.00010000000000000002
    },
    "6": {
        "total_loss": 2.5366660937344863,
        "r2l_loss": 2.5161373299090943,
        "l2r_loss": 2.557194859082198,
        "time": 197.45469760894775,
        "lr": 0.00010000000000000002
    },
    "7": {
        "total_loss": 2.4549126867461064,
        "r2l_loss": 2.433711548216919,
        "l2r_loss": 2.476113829139642,
        "time": 198.13054776191711,
        "lr": 0.00010000000000000002
    },
    "8": {
        "total_loss": 2.3865292615646934,
        "r2l_loss": 2.3639689292795296,
        "l2r_loss": 2.4090895905710155,
        "time": 195.58243942260742,
        "lr": 0.00010000000000000002
    },
    "9": {
        "total_loss": 2.3280479814308332,
        "r2l_loss": 2.3049351492775916,
        "l2r_loss": 2.351160810422335,
        "time": 194.4305603504181,
        "lr": 0.00010000000000000002
    },
    "10": {
        "total_loss": 2.277960535585295,
        "r2l_loss": 2.2536007549416106,
        "l2r_loss": 2.302320320151878,
        "time": 191.48966455459595,
        "lr": 0.00010000000000000002
    },
    "11": {
        "total_loss": 2.2318146945451236,
        "r2l_loss": 2.2068493657824098,
        "l2r_loss": 2.256780028518853,
        "time": 194.66895937919617,
        "lr": 0.00010000000000000002
    },
    "12": {
        "total_loss": 2.1903345347738923,
        "r2l_loss": 2.164613645414004,
        "l2r_loss": 2.2160554265343606,
        "time": 191.8769187927246,
        "lr": 0.00010000000000000002
    },
    "13": {
        "total_loss": 2.152597942907356,
        "r2l_loss": 2.1274190086629865,
        "l2r_loss": 2.177776880957523,
        "time": 194.29166793823242,
        "lr": 0.00010000000000000002
    },
    "14": {
        "total_loss": 2.117048305823433,
        "r2l_loss": 2.090954131660855,
        "l2r_loss": 2.143142487831809,
        "time": 194.64702987670898,
        "lr": 0.00010000000000000002
    },
    "15": {
        "total_loss": 2.0854212622394264,
        "r2l_loss": 2.059273784954562,
        "l2r_loss": 2.111568738294725,
        "time": 198.16598391532898,
        "lr": 0.00010000000000000002
    },
    "16": {
        "total_loss": 2.008049627067064,
        "r2l_loss": 1.9803469483768072,
        "l2r_loss": 2.035752307923697,
        "time": 199.56713223457336,
        "lr": 5.000000000000001e-05
    }
}