{
    "1": {
        "total_loss": 3.4070325007132434,
        "r2l_loss": 3.3962078331963577,
        "l2r_loss": 3.417857161980625,
        "time": 76.23262810707092,
        "lr": 3.3333333333333335e-05
    },
    "2": {
        "total_loss": 2.5555407132264985,
        "r2l_loss": 2.532453023590548,
        "l2r_loss": 2.578628395675519,
        "time": 70.82050657272339,
        "lr": 5.555555555555556e-05
    },
    "3": {
        "total_loss": 2.1855288356503526,
        "r2l_loss": 2.1599482458822066,
        "l2r_loss": 2.211109419012757,
        "time": 71.42685914039612,
        "lr": 7.777777777777778e-05
    },
    "4": {
        "total_loss": 1.9555522140950394,
        "r2l_loss": 1.93175042628617,
        "l2r_loss": 1.97935399596688,
        "time": 71.62482976913452,
        "lr": 0.00010000000000000002
    },
    "5": {
        "total_loss": 1.7949065457477795,
        "r2l_loss": 1.7726884119476278,
        "l2r_loss": 1.8171246743920901,
        "time": 71.29475259780884,
        "lr": 0.00010000000000000002
    },
    "6": {
        "total_loss": 1.6912711321292042,
        "r2l_loss": 1.6686928930007614,
        "l2r_loss": 1.7138493739136862,
        "time": 70.4993999004364,
        "lr": 0.00010000000000000002
    },
    "7": {
        "total_loss": 1.6134764315416428,
        "r2l_loss": 1.5927718496572612,
        "l2r_loss": 1.634181014832163,
        "time": 71.49031949043274,
        "lr": 0.00010000000000000002
    },
    "8": {
        "total_loss": 1.551266408216594,
        "r2l_loss": 1.5288877224703448,
        "l2r_loss": 1.5736450950565064,
        "time": 71.52869200706482,
        "lr": 0.00010000000000000002
    },
    "9": {
        "total_loss": 1.501809815435547,
        "r2l_loss": 1.4795352201786767,
        "l2r_loss": 1.5240844063177645,
        "time": 70.07045984268188,
        "lr": 0.00010000000000000002
    },
    "10": {
        "total_loss": 1.457423427470546,
        "r2l_loss": 1.4341015579816085,
        "l2r_loss": 1.4807452972719586,
        "time": 70.94918131828308,
        "lr": 0.00010000000000000002
    }
}