{
    "1": {
        "total_loss": 4.846557212719046,
        "r2l_loss": 4.845260960765344,
        "l2r_loss": 4.847421147968539,
        "time": 199.06697845458984,
        "lr": 3.3333333333333335e-05
    },
    "2": {
        "total_loss": 3.968727657860529,
        "r2l_loss": 3.951493431987837,
        "l2r_loss": 3.980216940634377,
        "time": 191.8565375804901,
        "lr": 5.555555555555556e-05
    },
    "3": {
        "total_loss": 3.594887031553302,
        "r2l_loss": 3.579495588548057,
        "l2r_loss": 3.60514780264238,
        "time": 195.19120454788208,
        "lr": 7.777777777777778e-05
    },
    "4": {
        "total_loss": 3.343404583589033,
        "r2l_loss": 3.329192075724686,
        "l2r_loss": 3.3528794056071747,
        "time": 197.27946996688843,
        "lr": 0.00010000000000000002
    },
    "5": {
        "total_loss": 3.1454335904308763,
        "r2l_loss": 3.129946631743538,
        "l2r_loss": 3.1557580689315947,
        "time": 195.21178102493286,
        "lr": 0.00010000000000000002
    },
    "6": {
        "total_loss": 2.9991803805111434,
        "r2l_loss": 2.9829789619080445,
        "l2r_loss": 3.009981167339857,
        "time": 197.59347581863403,
        "lr": 0.00010000000000000002
    },
    "7": {
        "total_loss": 2.8836650847217657,
        "r2l_loss": 2.8682482549390063,
        "l2r_loss": 2.8939428078870644,
        "time": 198.99426341056824,
        "lr": 0.00010000000000000002
    },
    "8": {
        "total_loss": 2.787077038836151,
        "r2l_loss": 2.7707490131756645,
        "l2r_loss": 2.797962227129983,
        "time": 194.42329478263855,
        "lr": 0.00010000000000000002
    },
    "9": {
        "total_loss": 2.7044046912305717,
        "r2l_loss": 2.6883657020763705,
        "l2r_loss": 2.7150971993716153,
        "time": 196.53016877174377,
        "lr": 0.00010000000000000002
    },
    "10": {
        "total_loss": 2.632892992618276,
        "r2l_loss": 2.615405283765849,
        "l2r_loss": 2.6445513168580406,
        "time": 195.24046754837036,
        "lr": 0.00010000000000000002
    },
    "11": {
        "total_loss": 2.5678483401159875,
        "r2l_loss": 2.5502796070046414,
        "l2r_loss": 2.579560688764501,
        "time": 197.91312050819397,
        "lr": 0.00010000000000000002
    },
    "12": {
        "total_loss": 2.509766694136359,
        "r2l_loss": 2.4922015033442753,
        "l2r_loss": 2.521476691387491,
        "time": 196.9666292667389,
        "lr": 0.00010000000000000002
    },
    "13": {
        "total_loss": 2.4568222381745435,
        "r2l_loss": 2.439568767613184,
        "l2r_loss": 2.468324426934855,
        "time": 195.3515350818634,
        "lr": 0.00010000000000000002
    },
    "14": {
        "total_loss": 2.406795803479455,
        "r2l_loss": 2.389164845636645,
        "l2r_loss": 2.41854966401117,
        "time": 194.85030603408813,
        "lr": 0.00010000000000000002
    },
    "15": {
        "total_loss": 2.3606089608842593,
        "r2l_loss": 2.3434897087411937,
        "l2r_loss": 2.37202168125769,
        "time": 195.90292692184448,
        "lr": 0.00010000000000000002
    },
    "16": {
        "total_loss": 2.2570643913300894,
        "r2l_loss": 2.2394325052825312,
        "l2r_loss": 2.268818874548835,
        "time": 196.15562272071838,
        "lr": 5.000000000000001e-05
    }
}