{
    "1": {
        "total_loss": 3.948325879915758,
        "r2l_loss": 3.9526543366651405,
        "l2r_loss": 3.9454400451572096,
        "time": 175.07850050926208,
        "lr": 3.3333333333333335e-05
    },
    "2": {
        "total_loss": 3.282665041434507,
        "r2l_loss": 3.2752501376719745,
        "l2r_loss": 3.2876081423347263,
        "time": 176.30026268959045,
        "lr": 5.555555555555556e-05
    },
    "3": {
        "total_loss": 3.0088069954180763,
        "r2l_loss": 2.999617952260615,
        "l2r_loss": 3.014932865712404,
        "time": 171.5864622592926,
        "lr": 7.777777777777778e-05
    },
    "4": {
        "total_loss": 2.831760469494728,
        "r2l_loss": 2.822342633966847,
        "l2r_loss": 2.838038867957934,
        "time": 174.3296196460724,
        "lr": 0.00010000000000000002
    },
    "5": {
        "total_loss": 2.693897559038548,
        "r2l_loss": 2.682500065778234,
        "l2r_loss": 2.701495737364344,
        "time": 170.73042583465576,
        "lr": 0.00010000000000000002
    },
    "6": {
        "total_loss": 2.5938054441468887,
        "r2l_loss": 2.580644624640759,
        "l2r_loss": 2.602579176425934,
        "time": 173.92401361465454,
        "lr": 0.00010000000000000002
    },
    "7": {
        "total_loss": 2.5141295029512793,
        "r2l_loss": 2.5001159460230755,
        "l2r_loss": 2.5234717432782787,
        "time": 167.17154359817505,
        "lr": 0.00010000000000000002
    },
    "8": {
        "total_loss": 2.448043457300115,
        "r2l_loss": 2.4334443895428026,
        "l2r_loss": 2.457776044464299,
        "time": 169.6251916885376,
        "lr": 0.00010000000000000002
    },
    "9": {
        "total_loss": 2.391046330947539,
        "r2l_loss": 2.3751123226696005,
        "l2r_loss": 2.4016688909886628,
        "time": 172.01150131225586,
        "lr": 0.00010000000000000002
    },
    "10": {
        "total_loss": 2.341825988765784,
        "r2l_loss": 2.3256158852155644,
        "l2r_loss": 2.3526326212995414,
        "time": 170.21385169029236,
        "lr": 0.00010000000000000002
    },
    "11": {
        "total_loss": 2.2977322462968135,
        "r2l_loss": 2.2828373840492224,
        "l2r_loss": 2.307662048192296,
        "time": 169.11162853240967,
        "lr": 0.00010000000000000002
    },
    "12": {
        "total_loss": 2.257745913063379,
        "r2l_loss": 2.242762563212213,
        "l2r_loss": 2.267734706343274,
        "time": 174.34836173057556,
        "lr": 0.00010000000000000002
    },
    "13": {
        "total_loss": 2.220214838890289,
        "r2l_loss": 2.2048394489147807,
        "l2r_loss": 2.2304649929166542,
        "time": 167.58162879943848,
        "lr": 0.00010000000000000002
    },
    "14": {
        "total_loss": 2.1864654225075877,
        "r2l_loss": 2.172108813681162,
        "l2r_loss": 2.1960363884571725,
        "time": 169.69063472747803,
        "lr": 0.00010000000000000002
    },
    "15": {
        "total_loss": 2.154944087526887,
        "r2l_loss": 2.141305327239814,
        "l2r_loss": 2.164036490067049,
        "time": 173.28629207611084,
        "lr": 0.00010000000000000002
    },
    "16": {
        "total_loss": 2.126069909287342,
        "r2l_loss": 2.113080503664223,
        "l2r_loss": 2.13472940885482,
        "time": 169.19312739372253,
        "lr": 0.00010000000000000002
    }
}