{
    "1": {
        "total_loss": 3.4104475009488247,
        "r2l_loss": 3.399929011008686,
        "l2r_loss": 3.420965985576885,
        "time": 77.23769307136536,
        "lr": 3.3333333333333335e-05
    },
    "2": {
        "total_loss": 2.556258416894535,
        "r2l_loss": 2.532571357637058,
        "l2r_loss": 2.579945481464091,
        "time": 68.49825239181519,
        "lr": 5.555555555555556e-05
    },
    "3": {
        "total_loss": 2.18482303603761,
        "r2l_loss": 2.159283526446841,
        "l2r_loss": 2.2103625435972902,
        "time": 69.86158227920532,
        "lr": 7.777777777777778e-05
    },
    "4": {
        "total_loss": 1.9540522910976785,
        "r2l_loss": 1.930981200300694,
        "l2r_loss": 1.9771233881441668,
        "time": 71.68017363548279,
        "lr": 0.00010000000000000002
    },
    "5": {
        "total_loss": 1.7936075796149817,
        "r2l_loss": 1.7716218523710459,
        "l2r_loss": 1.8155933102961448,
        "time": 72.25355124473572,
        "lr": 0.00010000000000000002
    },
    "6": {
        "total_loss": 1.689467009210649,
        "r2l_loss": 1.6672839455960775,
        "l2r_loss": 1.711650067981855,
        "time": 68.63439226150513,
        "lr": 0.00010000000000000002
    },
    "7": {
        "total_loss": 1.6109744272882005,
        "r2l_loss": 1.590397106866849,
        "l2r_loss": 1.6315517509905413,
        "time": 70.21034693717957,
        "lr": 0.00010000000000000002
    },
    "8": {
        "total_loss": 1.5474141483069404,
        "r2l_loss": 1.524868021786291,
        "l2r_loss": 1.569960279046005,
        "time": 73.25086569786072,
        "lr": 0.00010000000000000002
    },
    "9": {
        "total_loss": 1.4969353861765031,
        "r2l_loss": 1.473649030431695,
        "l2r_loss": 1.5202217409838856,
        "time": 72.74147939682007,
        "lr": 0.00010000000000000002
    },
    "10": {
        "total_loss": 1.451965525140925,
        "r2l_loss": 1.4279408753308838,
        "l2r_loss": 1.4759901747947284,
        "time": 70.7564308643341,
        "lr": 0.00010000000000000002
    },
    "11": {
        "total_loss": 1.413465755013932,
        "r2l_loss": 1.3896902404325193,
        "l2r_loss": 1.4372412674080186,
        "time": 70.11451244354248,
        "lr": 0.00010000000000000002
    },
    "12": {
        "total_loss": 1.3781811444193788,
        "r2l_loss": 1.353988074381417,
        "l2r_loss": 1.402374211645064,
        "time": 68.93450736999512,
        "lr": 0.00010000000000000002
    },
    "13": {
        "total_loss": 1.3453669330864402,
        "r2l_loss": 1.3205348456359003,
        "l2r_loss": 1.3701990199120297,
        "time": 70.17905926704407,
        "lr": 0.00010000000000000002
    },
    "14": {
        "total_loss": 1.3163729024902084,
        "r2l_loss": 1.29080760635211,
        "l2r_loss": 1.3419381962847428,
        "time": 72.14259099960327,
        "lr": 0.00010000000000000002
    },
    "15": {
        "total_loss": 1.2524024293432072,
        "r2l_loss": 1.2254915963150415,
        "l2r_loss": 1.279313264871175,
        "time": 72.49753141403198,
        "lr": 5.000000000000001e-05
    },
    "16": {
        "total_loss": 1.2293596336444739,
        "r2l_loss": 1.2022485992386645,
        "l2r_loss": 1.2564706691439467,
        "time": 74.37749290466309,
        "lr": 5.000000000000001e-05
    },
    "17": {
        "total_loss": 1.2118635451028106,
        "r2l_loss": 1.184490646634783,
        "l2r_loss": 1.2392364388837103,
        "time": 73.13621425628662,
        "lr": 5.000000000000001e-05
    },
    "18": {
        "total_loss": 1.19601271982118,
        "r2l_loss": 1.169082989152106,
        "l2r_loss": 1.2229424545524317,
        "time": 70.54699420928955,
        "lr": 5.000000000000001e-05
    },
    "19": {
        "total_loss": 1.1621042254086715,
        "r2l_loss": 1.1342670922198115,
        "l2r_loss": 1.1899413618785213,
        "time": 71.83689761161804,
        "lr": 2.5000000000000005e-05
    },
    "20": {
        "total_loss": 1.1491359701944053,
        "r2l_loss": 1.1207406063848524,
        "l2r_loss": 1.1775313297855432,
        "time": 70.44931173324585,
        "lr": 2.5000000000000005e-05
    }
}