{
    "1": {
        "total_loss": 3.8838959139550364,
        "r2l_loss": 3.8907927428106897,
        "l2r_loss": 3.876999087558514,
        "time": 155.01808738708496,
        "lr": 3.3333333333333335e-05
    },
    "2": {
        "total_loss": 3.2137170031169076,
        "r2l_loss": 3.2096292335532737,
        "l2r_loss": 3.2178047722121352,
        "time": 153.04808378219604,
        "lr": 5.555555555555556e-05
    },
    "3": {
        "total_loss": 2.935236244749695,
        "r2l_loss": 2.9305358301914044,
        "l2r_loss": 2.9399366569659566,
        "time": 154.21977138519287,
        "lr": 7.777777777777778e-05
    },
    "4": {
        "total_loss": 2.7495583621364212,
        "r2l_loss": 2.7437270490968624,
        "l2r_loss": 2.755389671545834,
        "time": 152.08229565620422,
        "lr": 0.00010000000000000002
    },
    "5": {
        "total_loss": 2.6042543599319834,
        "r2l_loss": 2.596990191280725,
        "l2r_loss": 2.611518517809907,
        "time": 159.11460828781128,
        "lr": 0.00010000000000000002
    },
    "6": {
        "total_loss": 2.4979924001019223,
        "r2l_loss": 2.4889092759205456,
        "l2r_loss": 2.5070755247517043,
        "time": 149.3466818332672,
        "lr": 0.00010000000000000002
    },
    "7": {
        "total_loss": 2.413321856431268,
        "r2l_loss": 2.4032387172543466,
        "l2r_loss": 2.423404996896305,
        "time": 147.8920660018921,
        "lr": 0.00010000000000000002
    },
    "8": {
        "total_loss": 2.3436329613031712,
        "r2l_loss": 2.3318456822973337,
        "l2r_loss": 2.3554202388452405,
        "time": 157.60505414009094,
        "lr": 0.00010000000000000002
    },
    "9": {
        "total_loss": 2.2831723092815497,
        "r2l_loss": 2.2711898935098778,
        "l2r_loss": 2.295154724760468,
        "time": 153.07227778434753,
        "lr": 0.00010000000000000002
    },
    "10": {
        "total_loss": 2.229900945087781,
        "r2l_loss": 2.2165844806987787,
        "l2r_loss": 2.2432174104721465,
        "time": 149.51253366470337,
        "lr": 0.00010000000000000002
    },
    "11": {
        "total_loss": 2.1822599310186384,
        "r2l_loss": 2.1688166759571534,
        "l2r_loss": 2.195703190237225,
        "time": 154.67470288276672,
        "lr": 0.00010000000000000002
    },
    "12": {
        "total_loss": 2.139217165575046,
        "r2l_loss": 2.1259959598889755,
        "l2r_loss": 2.152438377818799,
        "time": 156.13005542755127,
        "lr": 0.00010000000000000002
    },
    "13": {
        "total_loss": 2.098055473537951,
        "r2l_loss": 2.083820795263429,
        "l2r_loss": 2.1122901595411694,
        "time": 152.50974893569946,
        "lr": 0.00010000000000000002
    },
    "14": {
        "total_loss": 2.062300388435952,
        "r2l_loss": 2.0475213361980873,
        "l2r_loss": 2.0770794462361364,
        "time": 151.60441994667053,
        "lr": 0.00010000000000000002
    },
    "15": {
        "total_loss": 2.0280681618421625,
        "r2l_loss": 2.013609073426728,
        "l2r_loss": 2.042527254180496,
        "time": 147.69414401054382,
        "lr": 0.00010000000000000002
    },
    "16": {
        "total_loss": 1.9472886217952008,
        "r2l_loss": 1.9319798113789213,
        "l2r_loss": 1.96259743537322,
        "time": 151.58343958854675,
        "lr": 5.000000000000001e-05
    }
}