{
    "1": {
        "total_loss": 3.4164353098188127,
        "r2l_loss": 3.4061412586297153,
        "l2r_loss": 3.426729355383357,
        "time": 75.52488374710083,
        "lr": 3.3333333333333335e-05
    },
    "2": {
        "total_loss": 2.560190876689526,
        "r2l_loss": 2.5382332162807058,
        "l2r_loss": 2.582148537098346,
        "time": 70.88814187049866,
        "lr": 5.555555555555556e-05
    },
    "3": {
        "total_loss": 2.1866386422636,
        "r2l_loss": 2.1639645723027923,
        "l2r_loss": 2.2093127134743087,
        "time": 69.00849056243896,
        "lr": 7.777777777777778e-05
    },
    "4": {
        "total_loss": 1.9550506506178669,
        "r2l_loss": 1.9336404708234856,
        "l2r_loss": 1.9764608335370004,
        "time": 70.68699264526367,
        "lr": 0.00010000000000000002
    },
    "5": {
        "total_loss": 1.7933121811828012,
        "r2l_loss": 1.7726276127101552,
        "l2r_loss": 1.813996749342972,
        "time": 69.56343412399292,
        "lr": 0.00010000000000000002
    },
    "6": {
        "total_loss": 1.6893046480331322,
        "r2l_loss": 1.6675647611230573,
        "l2r_loss": 1.7110445355681574,
        "time": 67.16141176223755,
        "lr": 0.00010000000000000002
    },
    "7": {
        "total_loss": 1.6098588073862958,
        "r2l_loss": 1.589311363812668,
        "l2r_loss": 1.630406250491211,
        "time": 69.34650588035583,
        "lr": 0.00010000000000000002
    },
    "8": {
        "total_loss": 1.5464108974561779,
        "r2l_loss": 1.5243489626663227,
        "l2r_loss": 1.5684728266214794,
        "time": 69.22348022460938,
        "lr": 0.00010000000000000002
    },
    "9": {
        "total_loss": 1.4950215597765162,
        "r2l_loss": 1.4714148005526781,
        "l2r_loss": 1.5186283127508502,
        "time": 69.84600138664246,
        "lr": 0.00010000000000000002
    },
    "10": {
        "total_loss": 1.4498005172684496,
        "r2l_loss": 1.425782620828711,
        "l2r_loss": 1.4738184133957128,
        "time": 66.99938654899597,
        "lr": 0.00010000000000000002
    },
    "11": {
        "total_loss": 1.4104240570280842,
        "r2l_loss": 1.3860486959879863,
        "l2r_loss": 1.434799420411746,
        "time": 71.08168077468872,
        "lr": 0.00010000000000000002
    },
    "12": {
        "total_loss": 1.3733994118664243,
        "r2l_loss": 1.3483917361630682,
        "l2r_loss": 1.3984070894446317,
        "time": 70.56883525848389,
        "lr": 0.00010000000000000002
    },
    "13": {
        "total_loss": 1.3415227339433342,
        "r2l_loss": 1.3164062125029758,
        "l2r_loss": 1.3666392514777528,
        "time": 70.07182693481445,
        "lr": 0.00010000000000000002
    },
    "14": {
        "total_loss": 1.3112842274212118,
        "r2l_loss": 1.2857063952467231,
        "l2r_loss": 1.3368620588145126,
        "time": 69.22890591621399,
        "lr": 0.00010000000000000002
    },
    "15": {
        "total_loss": 1.2461940895370542,
        "r2l_loss": 1.2181818180596689,
        "l2r_loss": 1.2742063619518655,
        "time": 69.16219091415405,
        "lr": 5.000000000000001e-05
    },
    "16": {
        "total_loss": 1.2230853648516953,
        "r2l_loss": 1.1958096924959285,
        "l2r_loss": 1.2503610359575614,
        "time": 69.56767892837524,
        "lr": 5.000000000000001e-05
    },
    "17": {
        "total_loss": 1.2053589514636118,
        "r2l_loss": 1.1778736059037604,
        "l2r_loss": 1.232844302569898,
        "time": 73.32561039924622,
        "lr": 5.000000000000001e-05
    },
    "18": {
        "total_loss": 1.1892007372169944,
        "r2l_loss": 1.1610781842571722,
        "l2r_loss": 1.217323290411173,
        "time": 68.96281099319458,
        "lr": 5.000000000000001e-05
    },
    "19": {
        "total_loss": 1.1541295973376553,
        "r2l_loss": 1.1253757646324438,
        "l2r_loss": 1.182883431527124,
        "time": 68.87181520462036,
        "lr": 2.5000000000000005e-05
    },
    "20": {
        "total_loss": 1.1422064313726064,
        "r2l_loss": 1.1141945825960502,
        "l2r_loss": 1.170218279914806,
        "time": 67.1431839466095,
        "lr": 2.5000000000000005e-05
    }
}