{
    "1": {
        "total_loss": 3.4108144387036443,
        "r2l_loss": 3.4073129978279924,
        "l2r_loss": 3.4131485559680983,
        "time": 73.64702296257019,
        "lr": 3.3333333333333335e-05
    },
    "2": {
        "total_loss": 2.565579743247826,
        "r2l_loss": 2.5442248762513207,
        "l2r_loss": 2.5798161786005664,
        "time": 71.76282691955566,
        "lr": 5.555555555555556e-05
    },
    "3": {
        "total_loss": 2.197732935570483,
        "r2l_loss": 2.1746223825927173,
        "l2r_loss": 2.213139873500889,
        "time": 72.67628908157349,
        "lr": 7.777777777777778e-05
    },
    "4": {
        "total_loss": 1.9682276275492276,
        "r2l_loss": 1.9461303563449204,
        "l2r_loss": 1.9829590415892095,
        "time": 72.86562132835388,
        "lr": 0.00010000000000000002
    },
    "5": {
        "total_loss": 1.8077828168556542,
        "r2l_loss": 1.7878098758145053,
        "l2r_loss": 1.821098015473992,
        "time": 70.17037558555603,
        "lr": 0.00010000000000000002
    },
    "6": {
        "total_loss": 1.7047773662119674,
        "r2l_loss": 1.6835102352214828,
        "l2r_loss": 1.7189553591714462,
        "time": 70.69557404518127,
        "lr": 0.00010000000000000002
    },
    "7": {
        "total_loss": 1.627654043281375,
        "r2l_loss": 1.6093427555276714,
        "l2r_loss": 1.639861478718049,
        "time": 71.25157952308655,
        "lr": 0.00010000000000000002
    },
    "8": {
        "total_loss": 1.5666977793642296,
        "r2l_loss": 1.5460889681607368,
        "l2r_loss": 1.580436902621158,
        "time": 70.71692371368408,
        "lr": 0.00010000000000000002
    },
    "9": {
        "total_loss": 1.516690131252434,
        "r2l_loss": 1.4953007234033406,
        "l2r_loss": 1.5309496564915108,
        "time": 72.45283031463623,
        "lr": 0.00010000000000000002
    },
    "10": {
        "total_loss": 1.4747194122049474,
        "r2l_loss": 1.453792460155362,
        "l2r_loss": 1.4886706315986764,
        "time": 70.44401550292969,
        "lr": 0.00010000000000000002
    },
    "11": {
        "total_loss": 1.438193198737748,
        "r2l_loss": 1.416423483101131,
        "l2r_loss": 1.452706268699266,
        "time": 72.33735823631287,
        "lr": 0.00010000000000000002
    },
    "12": {
        "total_loss": 1.4038928530006858,
        "r2l_loss": 1.3815689825917916,
        "l2r_loss": 1.4187753589562633,
        "time": 71.36098146438599,
        "lr": 0.00010000000000000002
    },
    "13": {
        "total_loss": 1.3736985220352913,
        "r2l_loss": 1.351659307473609,
        "l2r_loss": 1.3883912538325958,
        "time": 68.88952469825745,
        "lr": 0.00010000000000000002
    },
    "14": {
        "total_loss": 1.3463392071767684,
        "r2l_loss": 1.3236026781102153,
        "l2r_loss": 1.361496821924712,
        "time": 71.83996963500977,
        "lr": 0.00010000000000000002
    },
    "15": {
        "total_loss": 1.284345768069846,
        "r2l_loss": 1.2614898567587176,
        "l2r_loss": 1.2995829739233145,
        "time": 70.93686604499817,
        "lr": 5.000000000000001e-05
    },
    "16": {
        "total_loss": 1.2635085195263904,
        "r2l_loss": 1.240004222796129,
        "l2r_loss": 1.2791779859194123,
        "time": 71.93889498710632,
        "lr": 5.000000000000001e-05
    }
}