{
    "1": {
        "total_loss": 3.9114491739301176,
        "r2l_loss": 3.906434830373303,
        "l2r_loss": 3.916463517721135,
        "time": 206.9461591243744,
        "lr": 3.3333333333333335e-05
    },
    "2": {
        "total_loss": 3.232955426855968,
        "r2l_loss": 3.2186916848765375,
        "l2r_loss": 3.247219171060326,
        "time": 200.68479299545288,
        "lr": 5.555555555555556e-05
    },
    "3": {
        "total_loss": 2.949546065686494,
        "r2l_loss": 2.9341334645546726,
        "l2r_loss": 2.964958663422373,
        "time": 204.32097482681274,
        "lr": 7.777777777777778e-05
    },
    "4": {
        "total_loss": 2.7629714074209772,
        "r2l_loss": 2.746754517021254,
        "l2r_loss": 2.779188298991715,
        "time": 201.1046106815338,
        "lr": 0.00010000000000000002
    },
    "5": {
        "total_loss": 2.6152794741694256,
        "r2l_loss": 2.5971791820348127,
        "l2r_loss": 2.6333797645475165,
        "time": 204.43602514266968,
        "lr": 0.00010000000000000002
    },
    "6": {
        "total_loss": 2.506503911290047,
        "r2l_loss": 2.4865021436294077,
        "l2r_loss": 2.526505685508368,
        "time": 197.69601130485535,
        "lr": 0.00010000000000000002
    },
    "7": {
        "total_loss": 2.4207050392810396,
        "r2l_loss": 2.3995813123135297,
        "l2r_loss": 2.441828764843332,
        "time": 201.0380504131317,
        "lr": 0.00010000000000000002
    },
    "8": {
        "total_loss": 2.3490900632674663,
        "r2l_loss": 2.326649183608694,
        "l2r_loss": 2.371530945326818,
        "time": 198.9058530330658,
        "lr": 0.00010000000000000002
    },
    "9": {
        "total_loss": 2.2877976184743796,
        "r2l_loss": 2.264906389305774,
        "l2r_loss": 2.3106888479942893,
        "time": 201.9814167022705,
        "lr": 0.00010000000000000002
    },
    "10": {
        "total_loss": 2.232738764440615,
        "r2l_loss": 2.209403698652807,
        "l2r_loss": 2.256073833741467,
        "time": 204.73271131515503,
        "lr": 0.00010000000000000002
    }
}