{
    "1": {
        "total_loss": 3.959697729477948,
        "r2l_loss": 3.944477923609653,
        "l2r_loss": 3.974917527734648,
        "time": 250.10598301887512,
        "lr": 3.3333333333333335e-05
    },
    "2": {
        "total_loss": 3.2728689557676933,
        "r2l_loss": 3.246981481672036,
        "l2r_loss": 3.298756422837263,
        "time": 241.3036012649536,
        "lr": 5.555555555555556e-05
    },
    "3": {
        "total_loss": 2.986005821841639,
        "r2l_loss": 2.960703611022597,
        "l2r_loss": 3.0113080283279268,
        "time": 241.1556680202484,
        "lr": 7.777777777777778e-05
    },
    "4": {
        "total_loss": 2.7973816008371077,
        "r2l_loss": 2.7733406132939757,
        "l2r_loss": 2.8214225882631387,
        "time": 239.47848653793335,
        "lr": 0.00010000000000000002
    },
    "5": {
        "total_loss": 2.6503287328952423,
        "r2l_loss": 2.6251601976121104,
        "l2r_loss": 2.6754972644311272,
        "time": 240.1106731891632,
        "lr": 0.00010000000000000002
    },
    "6": {
        "total_loss": 2.5426237935635805,
        "r2l_loss": 2.5164226040624684,
        "l2r_loss": 2.5688249824791853,
        "time": 240.20479440689087,
        "lr": 0.00010000000000000002
    },
    "7": {
        "total_loss": 2.4563679161146723,
        "r2l_loss": 2.4296641464551914,
        "l2r_loss": 2.483071682963718,
        "time": 244.228679895401,
        "lr": 0.00010000000000000002
    },
    "8": {
        "total_loss": 2.385077226724044,
        "r2l_loss": 2.357951271686198,
        "l2r_loss": 2.4122031800639183,
        "time": 241.64681243896484,
        "lr": 0.00010000000000000002
    },
    "9": {
        "total_loss": 2.323084735331695,
        "r2l_loss": 2.2955520478587723,
        "l2r_loss": 2.3506174218678053,
        "time": 241.92169332504272,
        "lr": 0.00010000000000000002
    },
    "10": {
        "total_loss": 2.2689258034664896,
        "r2l_loss": 2.2409430855266708,
        "l2r_loss": 2.2969085262660194,
        "time": 240.5804340839386,
        "lr": 0.00010000000000000002
    },
    "11": {
        "total_loss": 2.2203778300163552,
        "r2l_loss": 2.192322730081255,
        "l2r_loss": 2.2484329358065294,
        "time": 240.86463451385498,
        "lr": 0.00010000000000000002
    },
    "12": {
        "total_loss": 2.1762626460938184,
        "r2l_loss": 2.1486732774727004,
        "l2r_loss": 2.203852017759574,
        "time": 240.02711009979248,
        "lr": 0.00010000000000000002
    },
    "13": {
        "total_loss": 2.135160113247532,
        "r2l_loss": 2.107557506950056,
        "l2r_loss": 2.16276271808124,
        "time": 242.66074013710022,
        "lr": 0.00010000000000000002
    },
    "14": {
        "total_loss": 2.097950480190382,
        "r2l_loss": 2.0701289186894543,
        "l2r_loss": 2.1257720387052226,
        "time": 241.0701289176941,
        "lr": 0.00010000000000000002
    },
    "15": {
        "total_loss": 2.015055326206979,
        "r2l_loss": 1.9858772127590854,
        "l2r_loss": 2.0442334417626995,
        "time": 239.07689905166626,
        "lr": 5.000000000000001e-05
    },
    "16": {
        "total_loss": 1.984195944543906,
        "r2l_loss": 1.955468979998984,
        "l2r_loss": 2.012922905809987,
        "time": 238.53856658935547,
        "lr": 5.000000000000001e-05
    }
}