{
    "1": {
        "total_loss": 3.5944241052530073,
        "r2l_loss": 3.5455085868760454,
        "l2r_loss": 3.643339623942444,
        "time": 127.95865941047668,
        "lr": 3.3333333333333335e-05
    },
    "2": {
        "total_loss": 2.738554165841399,
        "r2l_loss": 2.683362961127905,
        "l2r_loss": 2.793745368055091,
        "time": 125.17640113830566,
        "lr": 5.555555555555556e-05
    },
    "3": {
        "total_loss": 2.348151297744261,
        "r2l_loss": 2.294807393460255,
        "l2r_loss": 2.401495209215197,
        "time": 122.57565879821777,
        "lr": 7.777777777777778e-05
    },
    "4": {
        "total_loss": 2.0975891247020635,
        "r2l_loss": 2.0520478437018737,
        "l2r_loss": 2.143130416013935,
        "time": 122.90259408950806,
        "lr": 0.00010000000000000002
    },
    "5": {
        "total_loss": 1.92140982144782,
        "r2l_loss": 1.880326919443173,
        "l2r_loss": 1.9624927172029627,
        "time": 122.83785104751587,
        "lr": 0.00010000000000000002
    },
    "6": {
        "total_loss": 1.8056850731763427,
        "r2l_loss": 1.7685353710642024,
        "l2r_loss": 1.8428347724762062,
        "time": 125.8063063621521,
        "lr": 0.00010000000000000002
    },
    "7": {
        "total_loss": 1.7231122224077797,
        "r2l_loss": 1.6884252692268842,
        "l2r_loss": 1.7577991766823384,
        "time": 122.10238337516785,
        "lr": 0.00010000000000000002
    },
    "8": {
        "total_loss": 1.6583110790890134,
        "r2l_loss": 1.6248341819093237,
        "l2r_loss": 1.6917879839243457,
        "time": 120.17926669120789,
        "lr": 0.00010000000000000002
    },
    "9": {
        "total_loss": 1.6056711797164278,
        "r2l_loss": 1.5725122746446343,
        "l2r_loss": 1.6388300830696076,
        "time": 119.74850368499756,
        "lr": 0.00010000000000000002
    },
    "10": {
        "total_loss": 1.5606939648894465,
        "r2l_loss": 1.527659997871319,
        "l2r_loss": 1.5937279311263859,
        "time": 119.7726092338562,
        "lr": 0.00010000000000000002
    },
    "11": {
        "total_loss": 1.5236088915546162,
        "r2l_loss": 1.4920254106759088,
        "l2r_loss": 1.5551923675899582,
        "time": 120.55655121803284,
        "lr": 0.00010000000000000002
    },
    "12": {
        "total_loss": 1.4877528042812023,
        "r2l_loss": 1.4550812320971707,
        "l2r_loss": 1.5204243797462234,
        "time": 119.7164409160614,
        "lr": 0.00010000000000000002
    },
    "13": {
        "total_loss": 1.4574993295719552,
        "r2l_loss": 1.4250534205730434,
        "l2r_loss": 1.4899452421643318,
        "time": 120.95908117294312,
        "lr": 0.00010000000000000002
    },
    "14": {
        "total_loss": 1.4270612348266543,
        "r2l_loss": 1.3955626372116108,
        "l2r_loss": 1.4585598361913998,
        "time": 121.95287823677063,
        "lr": 0.00010000000000000002
    },
    "15": {
        "total_loss": 1.4018961755195107,
        "r2l_loss": 1.368138769116658,
        "l2r_loss": 1.4356535793444432,
        "time": 119.89306354522705,
        "lr": 0.00010000000000000002
    },
    "16": {
        "total_loss": 1.376988204559836,
        "r2l_loss": 1.3442416740276242,
        "l2r_loss": 1.4097347354826422,
        "time": 119.80816745758057,
        "lr": 0.00010000000000000002
    },
    "17": {
        "total_loss": 1.3554377458979856,
        "r2l_loss": 1.3229584200197873,
        "l2r_loss": 1.3879170736510351,
        "time": 120.31013178825378,
        "lr": 0.00010000000000000002
    },
    "18": {
        "total_loss": 1.3336326746296914,
        "r2l_loss": 1.302695583391002,
        "l2r_loss": 1.3645697691493703,
        "time": 119.20028018951416,
        "lr": 0.00010000000000000002
    },
    "19": {
        "total_loss": 1.3124186503621573,
        "r2l_loss": 1.2817983963230177,
        "l2r_loss": 1.343038901120307,
        "time": 118.90831255912781,
        "lr": 0.00010000000000000002
    },
    "20": {
        "total_loss": 1.2927962891552427,
        "r2l_loss": 1.2606678420719282,
        "l2r_loss": 1.324924735066775,
        "time": 120.02499842643738,
        "lr": 0.00010000000000000002
    }
}