{
    "1": {
        "total_loss": 3.9032606391166658,
        "r2l_loss": 3.8981016163507474,
        "l2r_loss": 3.9238963706788472,
        "time": 190.8730959892273,
        "lr": 3.3333333333333335e-05
    },
    "2": {
        "total_loss": 3.2248649181457774,
        "r2l_loss": 3.2167683146557313,
        "l2r_loss": 3.257250983846211,
        "time": 187.64161252975464,
        "lr": 5.555555555555556e-05
    },
    "3": {
        "total_loss": 2.94473495769126,
        "r2l_loss": 2.936857077016812,
        "l2r_loss": 2.9762461241664027,
        "time": 198.48324584960938,
        "lr": 7.777777777777778e-05
    },
    "4": {
        "total_loss": 2.760542043065744,
        "r2l_loss": 2.75218233835018,
        "l2r_loss": 2.793980514722161,
        "time": 195.31725239753723,
        "lr": 0.00010000000000000002
    },
    "5": {
        "total_loss": 2.615581227543312,
        "r2l_loss": 2.606112490702706,
        "l2r_loss": 2.653455882971788,
        "time": 186.0952730178833,
        "lr": 0.00010000000000000002
    },
    "6": {
        "total_loss": 2.508593565588616,
        "r2l_loss": 2.4979259978343085,
        "l2r_loss": 2.5512635925663947,
        "time": 191.80412888526917,
        "lr": 0.00010000000000000002
    },
    "7": {
        "total_loss": 2.4254588533946713,
        "r2l_loss": 2.414208247642854,
        "l2r_loss": 2.4704610953045267,
        "time": 190.97424483299255,
        "lr": 0.00010000000000000002
    },
    "8": {
        "total_loss": 2.35490685601834,
        "r2l_loss": 2.3426516173162253,
        "l2r_loss": 2.4039276715346074,
        "time": 196.71085739135742,
        "lr": 0.00010000000000000002
    },
    "9": {
        "total_loss": 2.294523554899838,
        "r2l_loss": 2.28143531669568,
        "l2r_loss": 2.3468763749819606,
        "time": 191.53346610069275,
        "lr": 0.00010000000000000002
    },
    "10": {
        "total_loss": 2.241361701593886,
        "r2l_loss": 2.2271843689598128,
        "l2r_loss": 2.2980709147945135,
        "time": 186.2971704006195,
        "lr": 0.00010000000000000002
    },
    "11": {
        "total_loss": 2.193956627651376,
        "r2l_loss": 2.1791615823397232,
        "l2r_loss": 2.2531367003449287,
        "time": 187.40280556678772,
        "lr": 0.00010000000000000002
    },
    "12": {
        "total_loss": 2.1509748825506985,
        "r2l_loss": 2.135500264659612,
        "l2r_loss": 2.2128732444495256,
        "time": 191.55872583389282,
        "lr": 0.00010000000000000002
    },
    "13": {
        "total_loss": 2.1118721384079375,
        "r2l_loss": 2.09585083145758,
        "l2r_loss": 2.1759572262145683,
        "time": 197.77194261550903,
        "lr": 0.00010000000000000002
    },
    "14": {
        "total_loss": 2.0746277152672263,
        "r2l_loss": 2.057860396875614,
        "l2r_loss": 2.141696856391922,
        "time": 196.964528799057,
        "lr": 0.00010000000000000002
    },
    "15": {
        "total_loss": 1.9921360209086556,
        "r2l_loss": 1.9745175089021094,
        "l2r_loss": 2.062609905226994,
        "time": 195.91875910758972,
        "lr": 5.000000000000001e-05
    },
    "16": {
        "total_loss": 1.9630974563376609,
        "r2l_loss": 1.9449905667651612,
        "l2r_loss": 2.0355248421372036,
        "time": 186.6248083114624,
        "lr": 5.000000000000001e-05
    }
}