{
    "1": {
        "total_loss": 3.685652038316454,
        "r2l_loss": 3.6954289525015795,
        "l2r_loss": 3.679133901147184,
        "time": 326.1928322315216,
        "lr": 3.3333333333333335e-05
    },
    "2": {
        "total_loss": 2.937833358881414,
        "r2l_loss": 2.9423786866124435,
        "l2r_loss": 2.9348029761929886,
        "time": 329.10690999031067,
        "lr": 5.555555555555556e-05
    },
    "3": {
        "total_loss": 2.6536903149331885,
        "r2l_loss": 2.661022694373179,
        "l2r_loss": 2.648801909958115,
        "time": 325.97945737838745,
        "lr": 7.777777777777778e-05
    },
    "4": {
        "total_loss": 2.4957748045303076,
        "r2l_loss": 2.5064544621967975,
        "l2r_loss": 2.488654905683279,
        "time": 320.40555810928345,
        "lr": 0.00010000000000000002
    },
    "5": {
        "total_loss": 2.382792460515669,
        "r2l_loss": 2.395898790466899,
        "l2r_loss": 2.3740547964623167,
        "time": 317.5009980201721,
        "lr": 0.00010000000000000002
    },
    "6": {
        "total_loss": 2.304750705295445,
        "r2l_loss": 2.3199958959274336,
        "l2r_loss": 2.294587137449211,
        "time": 322.94675397872925,
        "lr": 0.00010000000000000002
    },
    "7": {
        "total_loss": 2.2453539200404666,
        "r2l_loss": 2.2625368612541688,
        "l2r_loss": 2.2338985239808835,
        "time": 323.8984794616699,
        "lr": 0.00010000000000000002
    },
    "8": {
        "total_loss": 2.1970523768616936,
        "r2l_loss": 2.2146660572113137,
        "l2r_loss": 2.1853098226633163,
        "time": 319.3030195236206,
        "lr": 0.00010000000000000002
    },
    "9": {
        "total_loss": 2.1561359813231937,
        "r2l_loss": 2.175003571486907,
        "l2r_loss": 2.14355748711106,
        "time": 316.3397750854492,
        "lr": 0.00010000000000000002
    },
    "10": {
        "total_loss": 2.1205809866111816,
        "r2l_loss": 2.1399852208171386,
        "l2r_loss": 2.1076447265601868,
        "time": 318.4164893627167,
        "lr": 0.00010000000000000002
    },
    "11": {
        "total_loss": 2.0894274275804783,
        "r2l_loss": 2.1097980072275946,
        "l2r_loss": 2.075846940149918,
        "time": 327.095694065094,
        "lr": 0.00010000000000000002
    },
    "12": {
        "total_loss": 2.0611314581819533,
        "r2l_loss": 2.0823460387729202,
        "l2r_loss": 2.046988304694746,
        "time": 327.0348620414734,
        "lr": 0.00010000000000000002
    },
    "13": {
        "total_loss": 2.035383747624346,
        "r2l_loss": 2.0568182230890746,
        "l2r_loss": 2.021093993664752,
        "time": 324.63520789146423,
        "lr": 0.00010000000000000002
    },
    "14": {
        "total_loss": 2.011963002674159,
        "r2l_loss": 2.03401448635087,
        "l2r_loss": 1.997261911570389,
        "time": 326.185099363327,
        "lr": 0.00010000000000000002
    },
    "15": {
        "total_loss": 1.9902615262496137,
        "r2l_loss": 2.012955294363147,
        "l2r_loss": 1.9751322490439882,
        "time": 324.4170517921448,
        "lr": 0.00010000000000000002
    },
    "16": {
        "total_loss": 1.9691829926149025,
        "r2l_loss": 1.9926790636879428,
        "l2r_loss": 1.9535188443599463,
        "time": 323.5264823436737,
        "lr": 0.00010000000000000002
    }
}