{
    "1": {
        "total_loss": 3.9382439649175334,
        "r2l_loss": 3.939689841860638,
        "l2r_loss": 3.9372798401152456,
        "time": 181.72182369232178,
        "lr": 3.3333333333333335e-05
    },
    "2": {
        "total_loss": 3.270616230187107,
        "r2l_loss": 3.262707671271326,
        "l2r_loss": 3.2758884269502637,
        "time": 179.842755317688,
        "lr": 5.555555555555556e-05
    },
    "3": {
        "total_loss": 2.9935288725526954,
        "r2l_loss": 2.9852579985479943,
        "l2r_loss": 2.9990426273851827,
        "time": 179.98888421058655,
        "lr": 7.777777777777778e-05
    },
    "4": {
        "total_loss": 2.812945738054212,
        "r2l_loss": 2.8035869447327784,
        "l2r_loss": 2.8191847795353424,
        "time": 180.89534783363342,
        "lr": 0.00010000000000000002
    },
    "5": {
        "total_loss": 2.6710417858509747,
        "r2l_loss": 2.660105209219432,
        "l2r_loss": 2.6783326831454146,
        "time": 179.0197856426239,
        "lr": 0.00010000000000000002
    },
    "6": {
        "total_loss": 2.5677345691354896,
        "r2l_loss": 2.554798559027711,
        "l2r_loss": 2.5763584295752473,
        "time": 181.49619698524475,
        "lr": 0.00010000000000000002
    },
    "7": {
        "total_loss": 2.4856337917811278,
        "r2l_loss": 2.471237144559212,
        "l2r_loss": 2.4952314261837416,
        "time": 180.62690329551697,
        "lr": 0.00010000000000000002
    },
    "8": {
        "total_loss": 2.416826010218772,
        "r2l_loss": 2.4021838918064806,
        "l2r_loss": 2.426587306446083,
        "time": 178.61955499649048,
        "lr": 0.00010000000000000002
    },
    "9": {
        "total_loss": 2.3580718087306893,
        "r2l_loss": 2.3429535756176723,
        "l2r_loss": 2.3681505227604176,
        "time": 180.30556654930115,
        "lr": 0.00010000000000000002
    },
    "10": {
        "total_loss": 2.306521962691384,
        "r2l_loss": 2.2916241446272094,
        "l2r_loss": 2.3164537324769556,
        "time": 180.08228993415833,
        "lr": 0.00010000000000000002
    },
    "11": {
        "total_loss": 2.2599519151601437,
        "r2l_loss": 2.2446224079970527,
        "l2r_loss": 2.270171483396781,
        "time": 180.7000024318695,
        "lr": 0.00010000000000000002
    },
    "12": {
        "total_loss": 2.2178650420517725,
        "r2l_loss": 2.203374675367108,
        "l2r_loss": 2.227525184220087,
        "time": 182.17127919197083,
        "lr": 0.00010000000000000002
    },
    "13": {
        "total_loss": 2.1791605113297408,
        "r2l_loss": 2.1644290673358033,
        "l2r_loss": 2.1889813652441403,
        "time": 182.27663469314575,
        "lr": 0.00010000000000000002
    },
    "14": {
        "total_loss": 2.1441965648842234,
        "r2l_loss": 2.1294549210015354,
        "l2r_loss": 2.154024224677114,
        "time": 179.68160486221313,
        "lr": 0.00010000000000000002
    },
    "15": {
        "total_loss": 2.110473782233967,
        "r2l_loss": 2.097051624991805,
        "l2r_loss": 2.1194217836224496,
        "time": 181.49962997436523,
        "lr": 0.00010000000000000002
    },
    "16": {
        "total_loss": 2.07932309212057,
        "r2l_loss": 2.0663258925168124,
        "l2r_loss": 2.087987791754174,
        "time": 180.2097771167755,
        "lr": 0.00010000000000000002
    }
}