{
    "1": {
        "total_loss": 3.7761215073420633,
        "r2l_loss": 4.040306422588634,
        "l2r_loss": 3.599998042133796,
        "time": 218.61951732635498,
        "lr": 3.3333333333333335e-05
    },
    "2": {
        "total_loss": 2.75479239260518,
        "r2l_loss": 3.4624245816691683,
        "l2r_loss": 2.283037470869559,
        "time": 219.31299257278442,
        "lr": 5.555555555555556e-05
    },
    "3": {
        "total_loss": 2.2534540002261725,
        "r2l_loss": 3.2288426513287782,
        "l2r_loss": 1.6031947990765973,
        "time": 219.60565972328186,
        "lr": 7.777777777777778e-05
    },
    "4": {
        "total_loss": 1.934676161215207,
        "r2l_loss": 3.0816348477290516,
        "l2r_loss": 1.170036949056305,
        "time": 219.68628764152527,
        "lr": 0.00010000000000000002
    },
    "5": {
        "total_loss": 1.718958011954613,
        "r2l_loss": 2.968048251682274,
        "l2r_loss": 0.8862311114321055,
        "time": 220.215393781662,
        "lr": 0.00010000000000000002
    },
    "6": {
        "total_loss": 1.5850894604544274,
        "r2l_loss": 2.8846336843222673,
        "l2r_loss": 0.7187265739254727,
        "time": 220.34205412864685,
        "lr": 0.00010000000000000002
    },
    "7": {
        "total_loss": 1.4930754006494473,
        "r2l_loss": 2.816483103339002,
        "l2r_loss": 0.6108035375391571,
        "time": 220.70560932159424,
        "lr": 0.00010000000000000002
    },
    "8": {
        "total_loss": 1.4234763209384176,
        "r2l_loss": 2.759263585967493,
        "l2r_loss": 0.5329514158732296,
        "time": 220.41866660118103,
        "lr": 0.00010000000000000002
    },
    "9": {
        "total_loss": 1.3668194315405398,
        "r2l_loss": 2.7080183340664696,
        "l2r_loss": 0.4726867737113141,
        "time": 219.9166178703308,
        "lr": 0.00010000000000000002
    },
    "10": {
        "total_loss": 1.3208995240142163,
        "r2l_loss": 2.66295015718239,
        "l2r_loss": 0.42619904472487147,
        "time": 220.48615050315857,
        "lr": 0.00010000000000000002
    },
    "11": {
        "total_loss": 1.2822921023738876,
        "r2l_loss": 2.622439019806493,
        "l2r_loss": 0.3888607723583524,
        "time": 221.21684408187866,
        "lr": 0.00010000000000000002
    },
    "12": {
        "total_loss": 1.2489845291921806,
        "r2l_loss": 2.584421138398071,
        "l2r_loss": 0.3586934084230064,
        "time": 221.4119005203247,
        "lr": 0.00010000000000000002
    },
    "13": {
        "total_loss": 1.220024002470764,
        "r2l_loss": 2.551749560476989,
        "l2r_loss": 0.33220691647387907,
        "time": 220.93424081802368,
        "lr": 0.00010000000000000002
    },
    "14": {
        "total_loss": 1.1958368563757429,
        "r2l_loss": 2.519316366472975,
        "l2r_loss": 0.3135171391304092,
        "time": 221.16052269935608,
        "lr": 0.00010000000000000002
    },
    "15": {
        "total_loss": 1.17249097170085,
        "r2l_loss": 2.489598992765535,
        "l2r_loss": 0.29441891866049974,
        "time": 221.56645441055298,
        "lr": 0.00010000000000000002
    },
    "16": {
        "total_loss": 1.153085856517312,
        "r2l_loss": 2.4630745485981227,
        "l2r_loss": 0.2797600215041099,
        "time": 222.41009092330933,
        "lr": 0.00010000000000000002
    }
}