{
    "1": {
        "total_loss": 3.9851418054408314,
        "r2l_loss": 3.9851652147259364,
        "l2r_loss": 3.9851259994366313,
        "time": 219.8600480556488,
        "lr": 3.3333333333333335e-05
    },
    "2": {
        "total_loss": 3.318309737680469,
        "r2l_loss": 3.303386052488578,
        "l2r_loss": 3.3282586912275063,
        "time": 218.07201981544495,
        "lr": 5.555555555555556e-05
    },
    "3": {
        "total_loss": 3.042803438801194,
        "r2l_loss": 3.0250043550502577,
        "l2r_loss": 3.0546693349868237,
        "time": 219.48599886894226,
        "lr": 7.777777777777778e-05
    },
    "4": {
        "total_loss": 2.863265360619558,
        "r2l_loss": 2.8446685822867224,
        "l2r_loss": 2.8756630571745703,
        "time": 223.25536489486694,
        "lr": 0.00010000000000000002
    },
    "5": {
        "total_loss": 2.7239825486668434,
        "r2l_loss": 2.7061607105792858,
        "l2r_loss": 2.73586362155341,
        "time": 222.6776807308197,
        "lr": 0.00010000000000000002
    },
    "6": {
        "total_loss": 2.6210792366788525,
        "r2l_loss": 2.602619193157653,
        "l2r_loss": 2.633385784967943,
        "time": 228.04720282554626,
        "lr": 0.00010000000000000002
    },
    "7": {
        "total_loss": 2.5385352493737674,
        "r2l_loss": 2.519110976010268,
        "l2r_loss": 2.551484634693573,
        "time": 225.94440746307373,
        "lr": 0.00010000000000000002
    },
    "8": {
        "total_loss": 2.470211425558289,
        "r2l_loss": 2.451765981837668,
        "l2r_loss": 2.482508265667674,
        "time": 224.59743881225586,
        "lr": 0.00010000000000000002
    },
    "9": {
        "total_loss": 2.4103804665136432,
        "r2l_loss": 2.3924057552177453,
        "l2r_loss": 2.4223634907445177,
        "time": 223.93088340759277,
        "lr": 0.00010000000000000002
    },
    "10": {
        "total_loss": 2.358851870408461,
        "r2l_loss": 2.3397553224109244,
        "l2r_loss": 2.3715827959225546,
        "time": 223.16278982162476,
        "lr": 0.00010000000000000002
    },
    "11": {
        "total_loss": 2.3108327322015594,
        "r2l_loss": 2.2920226930166745,
        "l2r_loss": 2.3233726495961076,
        "time": 223.6553521156311,
        "lr": 0.00010000000000000002
    },
    "12": {
        "total_loss": 2.2679546415688714,
        "r2l_loss": 2.249354372090113,
        "l2r_loss": 2.2803547122389487,
        "time": 223.40600419044495,
        "lr": 0.00010000000000000002
    },
    "13": {
        "total_loss": 2.228761489768394,
        "r2l_loss": 2.210431652183851,
        "l2r_loss": 2.24098127518281,
        "time": 222.75974917411804,
        "lr": 0.00010000000000000002
    },
    "14": {
        "total_loss": 2.1915427759026262,
        "r2l_loss": 2.172445375464988,
        "l2r_loss": 2.2042742698272226,
        "time": 222.36349987983704,
        "lr": 0.00010000000000000002
    },
    "15": {
        "total_loss": 2.157726981316662,
        "r2l_loss": 2.138818242695102,
        "l2r_loss": 2.1703326991358534,
        "time": 222.78089380264282,
        "lr": 0.00010000000000000002
    },
    "16": {
        "total_loss": 2.124950959370975,
        "r2l_loss": 2.1065958190292178,
        "l2r_loss": 2.1371876104992826,
        "time": 222.79028725624084,
        "lr": 0.00010000000000000002
    }
}