{
    "1": {
        "total_loss": 3.424376827392478,
        "r2l_loss": 3.4125666102763086,
        "l2r_loss": 3.4361870410714204,
        "time": 76.76834774017334,
        "lr": 3.3333333333333335e-05
    },
    "2": {
        "total_loss": 2.564655277394686,
        "r2l_loss": 2.54258518825196,
        "l2r_loss": 2.586725369193451,
        "time": 69.62812542915344,
        "lr": 5.555555555555556e-05
    },
    "3": {
        "total_loss": 2.1895618171554405,
        "r2l_loss": 2.1663645329356664,
        "l2r_loss": 2.212759095906899,
        "time": 71.1110246181488,
        "lr": 7.777777777777778e-05
    },
    "4": {
        "total_loss": 1.957532577089682,
        "r2l_loss": 1.9357109024515315,
        "l2r_loss": 1.9793542404787257,
        "time": 72.80757570266724,
        "lr": 0.00010000000000000002
    },
    "5": {
        "total_loss": 1.795487591042275,
        "r2l_loss": 1.774967799961645,
        "l2r_loss": 1.8160073827478551,
        "time": 74.96157002449036,
        "lr": 0.00010000000000000002
    },
    "6": {
        "total_loss": 1.6886437087665223,
        "r2l_loss": 1.6669255595063477,
        "l2r_loss": 1.710361858026697,
        "time": 70.25411224365234,
        "lr": 0.00010000000000000002
    },
    "7": {
        "total_loss": 1.610446892903329,
        "r2l_loss": 1.5906781575314184,
        "l2r_loss": 1.6302156240568249,
        "time": 73.77274584770203,
        "lr": 0.00010000000000000002
    },
    "8": {
        "total_loss": 1.5464755721673429,
        "r2l_loss": 1.5248167875709884,
        "l2r_loss": 1.5681343519203317,
        "time": 71.0728645324707,
        "lr": 0.00010000000000000002
    },
    "9": {
        "total_loss": 1.4942933361620923,
        "r2l_loss": 1.4710064595211223,
        "l2r_loss": 1.5175802063973203,
        "time": 69.52716279029846,
        "lr": 0.00010000000000000002
    },
    "10": {
        "total_loss": 1.448435410759552,
        "r2l_loss": 1.4243022076892977,
        "l2r_loss": 1.472568613986044,
        "time": 71.10362529754639,
        "lr": 0.00010000000000000002
    },
    "11": {
        "total_loss": 1.409247389314684,
        "r2l_loss": 1.3845027403937724,
        "l2r_loss": 1.433992039641734,
        "time": 71.29724049568176,
        "lr": 0.00010000000000000002
    },
    "12": {
        "total_loss": 1.370843259878896,
        "r2l_loss": 1.3464272105053243,
        "l2r_loss": 1.3952593062839533,
        "time": 72.81532716751099,
        "lr": 0.00010000000000000002
    },
    "13": {
        "total_loss": 1.3382917037953868,
        "r2l_loss": 1.3127254335158463,
        "l2r_loss": 1.3638579748561155,
        "time": 72.08646607398987,
        "lr": 0.00010000000000000002
    },
    "14": {
        "total_loss": 1.3074112796220991,
        "r2l_loss": 1.2807998152579112,
        "l2r_loss": 1.3340227447674753,
        "time": 71.97912669181824,
        "lr": 0.00010000000000000002
    },
    "15": {
        "total_loss": 1.241306943006003,
        "r2l_loss": 1.2136831107802035,
        "l2r_loss": 1.268930780543881,
        "time": 71.2729172706604,
        "lr": 5.000000000000001e-05
    },
    "16": {
        "total_loss": 1.2192599006280362,
        "r2l_loss": 1.1908106403925784,
        "l2r_loss": 1.2477091569575538,
        "time": 72.59178113937378,
        "lr": 5.000000000000001e-05
    },
    "17": {
        "total_loss": 1.2004450103402293,
        "r2l_loss": 1.1728048251934478,
        "l2r_loss": 1.2280851942371103,
        "time": 71.5623459815979,
        "lr": 5.000000000000001e-05
    },
    "18": {
        "total_loss": 1.183602751473143,
        "r2l_loss": 1.154244785774426,
        "l2r_loss": 1.2129607198278995,
        "time": 70.67544364929199,
        "lr": 5.000000000000001e-05
    },
    "19": {
        "total_loss": 1.1481544892566076,
        "r2l_loss": 1.11968083814431,
        "l2r_loss": 1.17662813810346,
        "time": 73.34011578559875,
        "lr": 2.5000000000000005e-05
    },
    "20": {
        "total_loss": 1.1355477850371545,
        "r2l_loss": 1.1063927156584603,
        "l2r_loss": 1.1647028521504033,
        "time": 71.94315767288208,
        "lr": 2.5000000000000005e-05
    }
}