{
    "1": {
        "total_loss": 3.539068157856281,
        "r2l_loss": 3.52048667271932,
        "l2r_loss": 3.5514556138943405,
        "r2l_scores": {
            "Bleu_1": 0.7210381740922684,
            "Bleu_2": 0.6089432637336633,
            "Bleu_3": 0.4982433463878169,
            "Bleu_4": 0.39534238753157275,
            "METEOR": 0.261402474474678,
            "ROUGE_L": 0.583211910980337,
            "CIDEr": 0.39221143184301827
        },
        "l2r_scores": {
            "Bleu_1": 0.7915773553741795,
            "Bleu_2": 0.6597540441834159,
            "Bleu_3": 0.5303925041715085,
            "Bleu_4": 0.40846536130392214,
            "METEOR": 0.27714875973896574,
            "ROUGE_L": 0.6109992473491807,
            "CIDEr": 0.3610264209182415
        },
        "time": 86.04529690742493
    },
    "2": {
        "total_loss": 3.2232045836937733,
        "r2l_loss": 3.1813022188651257,
        "l2r_loss": 3.2511393137467213,
        "r2l_scores": {
            "Bleu_1": 0.7940159925238429,
            "Bleu_2": 0.6749362009823402,
            "Bleu_3": 0.5500514977943828,
            "Bleu_4": 0.4282057842474446,
            "METEOR": 0.2866548742307158,
            "ROUGE_L": 0.618383973074798,
            "CIDEr": 0.5238998388125796
        },
        "l2r_scores": {
            "Bleu_1": 0.8193138697666377,
            "Bleu_2": 0.7066489065622935,
            "Bleu_3": 0.5850756003912989,
            "Bleu_4": 0.46646603837401945,
            "METEOR": 0.3006566576129398,
            "ROUGE_L": 0.6389424491259178,
            "CIDEr": 0.5089456569348553
        },
        "time": 88.16742038726807
    },
    "3": {
        "total_loss": 3.04688999744562,
        "r2l_loss": 3.031607251900893,
        "l2r_loss": 3.057078320246476,
        "r2l_scores": {
            "Bleu_1": 0.8022932343409979,
            "Bleu_2": 0.6929402266671232,
            "Bleu_3": 0.5713017370000648,
            "Bleu_4": 0.45104268728225805,
            "METEOR": 0.29184173511315803,
            "ROUGE_L": 0.6326305881320737,
            "CIDEr": 0.5767025636188468
        },
        "l2r_scores": {
            "Bleu_1": 0.8413864464866755,
            "Bleu_2": 0.7261897272533524,
            "Bleu_3": 0.6035771804879241,
            "Bleu_4": 0.4873142682774107,
            "METEOR": 0.3126709648358201,
            "ROUGE_L": 0.6567908434792276,
            "CIDEr": 0.5695136872005209
        },
        "time": 92.0981183052063
    },
    "4": {
        "total_loss": 2.9605141496046996,
        "r2l_loss": 2.952731795800038,
        "l2r_loss": 2.9657022112455125,
        "r2l_scores": {
            "Bleu_1": 0.8070055178275845,
            "Bleu_2": 0.6865720417268427,
            "Bleu_3": 0.5624154764158966,
            "Bleu_4": 0.44437636042394624,
            "METEOR": 0.2913857707856198,
            "ROUGE_L": 0.6220377615575141,
            "CIDEr": 0.5690098469805678
        },
        "l2r_scores": {
            "Bleu_1": 0.8528065516959982,
            "Bleu_2": 0.7296000380677973,
            "Bleu_3": 0.600360659388327,
            "Bleu_4": 0.47898165418546007,
            "METEOR": 0.3164151611403479,
            "ROUGE_L": 0.6485434519601905,
            "CIDEr": 0.5908663435863543
        },
        "time": 98.99676179885864
    },
    "5": {
        "total_loss": 2.89547199010849,
        "r2l_loss": 2.8848281533290177,
        "l2r_loss": 2.9025677274434996,
        "r2l_scores": {
            "Bleu_1": 0.8135034486678309,
            "Bleu_2": 0.6979335429530171,
            "Bleu_3": 0.5737528365674471,
            "Bleu_4": 0.44864069999858885,
            "METEOR": 0.2920946512975565,
            "ROUGE_L": 0.6306691745943145,
            "CIDEr": 0.5921652236079696
        },
        "l2r_scores": {
            "Bleu_1": 0.844180548029262,
            "Bleu_2": 0.7351847693272827,
            "Bleu_3": 0.613649792914968,
            "Bleu_4": 0.4949395762104487,
            "METEOR": 0.31698828240944377,
            "ROUGE_L": 0.6643511846769197,
            "CIDEr": 0.6134669018876918
        },
        "time": 108.99841618537903
    },
    "6": {
        "total_loss": 2.878283930130494,
        "r2l_loss": 2.8728052515249987,
        "l2r_loss": 2.8819362368339148,
        "r2l_scores": {
            "Bleu_1": 0.8118386592940896,
            "Bleu_2": 0.6958992841775385,
            "Bleu_3": 0.5722365335755271,
            "Bleu_4": 0.4527446534079144,
            "METEOR": 0.2990449104219841,
            "ROUGE_L": 0.6368814360425912,
            "CIDEr": 0.6172623130621864
        },
        "l2r_scores": {
            "Bleu_1": 0.8521299130565863,
            "Bleu_2": 0.738146865595387,
            "Bleu_3": 0.6135563644340841,
            "Bleu_4": 0.4976709381255218,
            "METEOR": 0.3227736344445951,
            "ROUGE_L": 0.6602131016547236,
            "CIDEr": 0.629230842540247
        },
        "time": 107.8953218460083
    },
    "7": {
        "total_loss": 2.8497821382987194,
        "r2l_loss": 2.8506944133685184,
        "l2r_loss": 2.849173822464087,
        "r2l_scores": {
            "Bleu_1": 0.8151706026156988,
            "Bleu_2": 0.7033076895792518,
            "Bleu_3": 0.5827338589330906,
            "Bleu_4": 0.4653895823122144,
            "METEOR": 0.301761745888428,
            "ROUGE_L": 0.6431824906993563,
            "CIDEr": 0.6288070001874237
        },
        "l2r_scores": {
            "Bleu_1": 0.8589569373605594,
            "Bleu_2": 0.7537621788003452,
            "Bleu_3": 0.6347257948686399,
            "Bleu_4": 0.5142426000179732,
            "METEOR": 0.3261057679949328,
            "ROUGE_L": 0.6642000462754829,
            "CIDEr": 0.6434254768981746
        },
        "time": 101.87302088737488
    },
    "8": {
        "total_loss": 2.826189094629043,
        "r2l_loss": 2.827000229786604,
        "l2r_loss": 2.825648185534355,
        "r2l_scores": {
            "Bleu_1": 0.8117263599408521,
            "Bleu_2": 0.6925829802068874,
            "Bleu_3": 0.5707366424266503,
            "Bleu_4": 0.45738982000042117,
            "METEOR": 0.3072170322013657,
            "ROUGE_L": 0.6409118621272559,
            "CIDEr": 0.6258434544280349
        },
        "l2r_scores": {
            "Bleu_1": 0.854611922143732,
            "Bleu_2": 0.73864412568244,
            "Bleu_3": 0.6125422643748084,
            "Bleu_4": 0.48823725104385435,
            "METEOR": 0.32070427766285703,
            "ROUGE_L": 0.6487215641951836,
            "CIDEr": 0.6111614471211024
        },
        "time": 100.92446970939636
    },
    "9": {
        "total_loss": 2.8193544898277674,
        "r2l_loss": 2.815772369886056,
        "l2r_loss": 2.8217424230697827,
        "r2l_scores": {
            "Bleu_1": 0.8168511744630345,
            "Bleu_2": 0.7004789224880753,
            "Bleu_3": 0.5782430630315795,
            "Bleu_4": 0.4563571748510894,
            "METEOR": 0.30825087999530365,
            "ROUGE_L": 0.6461563254078125,
            "CIDEr": 0.631702429196585
        },
        "l2r_scores": {
            "Bleu_1": 0.8486127435500198,
            "Bleu_2": 0.7439393191572756,
            "Bleu_3": 0.6321522967808685,
            "Bleu_4": 0.5212812061755339,
            "METEOR": 0.32175851779203446,
            "ROUGE_L": 0.6603978160911375,
            "CIDEr": 0.628148223044483
        },
        "time": 102.07734560966492
    },
    "10": {
        "total_loss": 2.8077349983728848,
        "r2l_loss": 2.8052600897275486,
        "l2r_loss": 2.809384760184166,
        "r2l_scores": {
            "Bleu_1": 0.8178727739001318,
            "Bleu_2": 0.6947730352923239,
            "Bleu_3": 0.568845874107741,
            "Bleu_4": 0.4459840076438093,
            "METEOR": 0.30171039466641647,
            "ROUGE_L": 0.6389797299912404,
            "CIDEr": 0.6122290706439888
        },
        "l2r_scores": {
            "Bleu_1": 0.8394988863932542,