{
    "1": {
        "total_loss": 3.140447589643812,
        "r2l_loss": 3.143280600634914,
        "l2r_loss": 3.1385587457355206,
        "time": 205.26782655715942,
        "lr": 3.3333333333333335e-05
    },
    "2": {
        "total_loss": 2.6239786061416206,
        "r2l_loss": 2.6151632577590718,
        "l2r_loss": 2.6298553613407907,
        "time": 201.3224914073944,
        "lr": 5.555555555555556e-05
    },
    "3": {
        "total_loss": 2.4097026744619567,
        "r2l_loss": 2.399276692412925,
        "l2r_loss": 2.416653216002264,
        "time": 192.47582602500916,
        "lr": 7.777777777777778e-05
    },
    "4": {
        "total_loss": 2.269497500304389,
        "r2l_loss": 2.257528877035808,
        "l2r_loss": 2.2774764800586964,
        "time": 198.15044832229614,
        "lr": 0.00010000000000000002
    },
    "5": {
        "total_loss": 2.1588697299390502,
        "r2l_loss": 2.144845777504102,
        "l2r_loss": 2.1682189313625306,
        "time": 194.47026753425598,
        "lr": 0.00010000000000000002
    },
    "6": {
        "total_loss": 2.0774312115371343,
        "r2l_loss": 2.062200553349287,
        "l2r_loss": 2.0875848855508568,
        "time": 198.58585047721863,
        "lr": 0.00010000000000000002
    },
    "7": {
        "total_loss": 2.0128800767109762,
        "r2l_loss": 1.9978030630788073,
        "l2r_loss": 2.022931314521782,
        "time": 197.97639441490173,
        "lr": 0.00010000000000000002
    },
    "8": {
        "total_loss": 1.9587669933474603,
        "r2l_loss": 1.943231569643339,
        "l2r_loss": 1.9691238474166697,
        "time": 192.6431486606598,
        "lr": 0.00010000000000000002
    },
    "9": {
        "total_loss": 1.912244999572664,
        "r2l_loss": 1.8965663943871534,
        "l2r_loss": 1.9226973013465671,
        "time": 197.7422411441803,
        "lr": 0.00010000000000000002
    },
    "10": {
        "total_loss": 1.872088286754893,
        "r2l_loss": 1.8556601342494454,
        "l2r_loss": 1.8830402831900097,
        "time": 191.23915314674377,
        "lr": 0.00010000000000000002
    },
    "11": {
        "total_loss": 1.8358790989240634,
        "r2l_loss": 1.8194932835743798,
        "l2r_loss": 1.8468028784735029,
        "time": 195.79061460494995,
        "lr": 0.00010000000000000002
    },
    "12": {
        "total_loss": 1.8028159564276809,
        "r2l_loss": 1.7864941770177927,
        "l2r_loss": 1.8136970466387061,
        "time": 201.48069262504578,
        "lr": 0.00010000000000000002
    },
    "13": {
        "total_loss": 1.7729724882745086,
        "r2l_loss": 1.7570064742345004,
        "l2r_loss": 1.7836164000109278,
        "time": 194.55848264694214,
        "lr": 0.00010000000000000002
    },
    "14": {
        "total_loss": 1.7447917083743045,
        "r2l_loss": 1.7287322492402757,
        "l2r_loss": 1.7554979177378485,
        "time": 194.42731833457947,
        "lr": 0.00010000000000000002
    },
    "15": {
        "total_loss": 1.7184055585758158,
        "r2l_loss": 1.7030858306144685,
        "l2r_loss": 1.728618618722983,
        "time": 199.23316979408264,
        "lr": 0.00010000000000000002
    },
    "16": {
        "total_loss": 1.6949793226241128,
        "r2l_loss": 1.679411415325401,
        "l2r_loss": 1.7053578344332914,
        "time": 198.83841562271118,
        "lr": 0.00010000000000000002
    }
}