{
    "1": {
        "total_loss": 3.3642411553844087,
        "r2l_loss": 3.3826537216631487,
        "l2r_loss": 3.3458285891056687,
        "time": 38.60386395454407,
        "lr": 3.3333333333333335e-05
    },
    "2": {
        "total_loss": 2.492931368154123,
        "r2l_loss": 2.499288408190676,
        "l2r_loss": 2.4865743207744035,
        "time": 35.963257789611816,
        "lr": 5.555555555555556e-05
    },
    "3": {
        "total_loss": 2.123933419643817,
        "r2l_loss": 2.1277181777229157,
        "l2r_loss": 2.120148665314421,
        "time": 34.53322196006775,
        "lr": 7.777777777777778e-05
    },
    "4": {
        "total_loss": 1.9011255687061175,
        "r2l_loss": 1.9016373762140737,
        "l2r_loss": 1.9006137677601405,
        "time": 34.25575375556946,
        "lr": 0.00010000000000000002
    },
    "5": {
        "total_loss": 1.7480133650031033,
        "r2l_loss": 1.7460919901396625,
        "l2r_loss": 1.749934734866941,
        "time": 34.10808610916138,
        "lr": 0.00010000000000000002
    },
    "6": {
        "total_loss": 1.6459696097580196,
        "r2l_loss": 1.6428327627606973,
        "l2r_loss": 1.649106455192966,
        "time": 33.633939027786255,
        "lr": 0.00010000000000000002
    },
    "7": {
        "total_loss": 1.5685122883335478,
        "r2l_loss": 1.564809502342894,
        "l2r_loss": 1.5722150733867761,
        "time": 36.39857625961304,
        "lr": 0.00010000000000000002
    },
    "8": {
        "total_loss": 1.5083168173211274,
        "r2l_loss": 1.5033264475756205,
        "l2r_loss": 1.51330718800406,
        "time": 35.832685708999634,
        "lr": 0.00010000000000000002
    },
    "9": {
        "total_loss": 1.4558241704813306,
        "r2l_loss": 1.450836234136459,
        "l2r_loss": 1.4608121082323406,
        "time": 36.462146043777466,
        "lr": 0.00010000000000000002
    },
    "10": {
        "total_loss": 1.4108776186896808,
        "r2l_loss": 1.4057577221921669,
        "l2r_loss": 1.4159975192493723,
        "time": 36.33379864692688,
        "lr": 0.00010000000000000002
    },
    "11": {
        "total_loss": 1.3708119087731698,
        "r2l_loss": 1.364944904534876,
        "l2r_loss": 1.376678914417602,
        "time": 34.09302496910095,
        "lr": 0.00010000000000000002
    },
    "12": {
        "total_loss": 1.3350096122309234,
        "r2l_loss": 1.3295750991388824,
        "l2r_loss": 1.3404441182922724,
        "time": 35.444631576538086,
        "lr": 0.00010000000000000002
    },
    "13": {
        "total_loss": 1.2650376527056313,
        "r2l_loss": 1.260913844267944,
        "l2r_loss": 1.2691614630962886,
        "time": 36.210145711898804,
        "lr": 5.000000000000001e-05
    },
    "14": {
        "total_loss": 1.2417668104171753,
        "r2l_loss": 1.2382883992763833,
        "l2r_loss": 1.2452452203861852,
        "time": 35.082303524017334,
        "lr": 5.000000000000001e-05
    },
    "15": {
        "total_loss": 1.2241241360866852,
        "r2l_loss": 1.2207034424748051,
        "l2r_loss": 1.2275448255582686,
        "time": 38.63108468055725,
        "lr": 5.000000000000001e-05
    },
    "16": {
        "total_loss": 1.2068617392336245,
        "r2l_loss": 1.203415097680973,
        "l2r_loss": 1.2103083809425135,
        "time": 37.673884868621826,
        "lr": 5.000000000000001e-05
    },
    "17": {
        "total_loss": 1.1698406158237282,
        "r2l_loss": 1.1672662095036137,
        "l2r_loss": 1.1724150211282982,
        "time": 35.630422592163086,
        "lr": 2.5000000000000005e-05
    },
    "18": {
        "total_loss": 1.1586218988754802,
        "r2l_loss": 1.1575675969198835,
        "l2r_loss": 1.1596762020809779,
        "time": 35.87202429771423,
        "lr": 2.5000000000000005e-05
    },
    "19": {
        "total_loss": 1.1490363641928876,
        "r2l_loss": 1.147685771219696,
        "l2r_loss": 1.150386957634792,
        "time": 35.36060428619385,
        "lr": 2.5000000000000005e-05
    },
    "20": {
        "total_loss": 1.1419080331003681,
        "r2l_loss": 1.1405818180362957,
        "l2r_loss": 1.1432342560544395,
        "time": 35.574814796447754,
        "lr": 2.5000000000000005e-05
    }
}