{
    "1": {
        "total_loss": 3.421319740002933,
        "r2l_loss": 3.410433895466056,
        "l2r_loss": 3.4322055848522863,
        "time": 74.71159291267395,
        "lr": 3.3333333333333335e-05
    },
    "2": {
        "total_loss": 2.562318862500072,
        "r2l_loss": 2.53903018787679,
        "l2r_loss": 2.585607537123354,
        "time": 70.19367170333862,
        "lr": 5.555555555555556e-05
    },
    "3": {
        "total_loss": 2.18820524950015,
        "r2l_loss": 2.164781533250021,
        "l2r_loss": 2.211628966531466,
        "time": 68.8026852607727,
        "lr": 7.777777777777778e-05
    },
    "4": {
        "total_loss": 1.9548748964407185,
        "r2l_loss": 1.933843250980852,
        "l2r_loss": 1.975906542994248,
        "time": 70.09264063835144,
        "lr": 0.00010000000000000002
    },
    "5": {
        "total_loss": 1.793870965587671,
        "r2l_loss": 1.7743593769960917,
        "l2r_loss": 1.8133825490234095,
        "time": 68.90649366378784,
        "lr": 0.00010000000000000002
    },
    "6": {
        "total_loss": 1.6891610630217886,
        "r2l_loss": 1.6687788994565391,
        "l2r_loss": 1.7095432248684244,
        "time": 68.78497171401978,
        "lr": 0.00010000000000000002
    },
    "7": {
        "total_loss": 1.60959748828083,
        "r2l_loss": 1.588361025793993,
        "l2r_loss": 1.6308339521738056,
        "time": 68.93709468841553,
        "lr": 0.00010000000000000002
    },
    "8": {
        "total_loss": 1.5460998741702359,
        "r2l_loss": 1.52456025277334,
        "l2r_loss": 1.5676395002542598,
        "time": 69.97210049629211,
        "lr": 0.00010000000000000002
    },
    "9": {
        "total_loss": 1.4932146702025226,
        "r2l_loss": 1.470626438117121,
        "l2r_loss": 1.5158029058813893,
        "time": 68.32910060882568,
        "lr": 0.00010000000000000002
    },
    "10": {
        "total_loss": 1.4486200186090732,
        "r2l_loss": 1.4254902001289678,
        "l2r_loss": 1.4717498394327426,
        "time": 68.86914992332458,
        "lr": 0.00010000000000000002
    },
    "11": {
        "total_loss": 1.4088169689415948,
        "r2l_loss": 1.3846798668057703,
        "l2r_loss": 1.4329540679526673,
        "time": 69.09219312667847,
        "lr": 0.00010000000000000002
    },
    "12": {
        "total_loss": 1.3714047982839581,
        "r2l_loss": 1.3467942121613228,
        "l2r_loss": 1.3960153892499592,
        "time": 67.98481297492981,
        "lr": 0.00010000000000000002
    },
    "13": {
        "total_loss": 1.338777693196018,
        "r2l_loss": 1.3135449323866657,
        "l2r_loss": 1.3640104558802213,
        "time": 68.77958798408508,
        "lr": 0.00010000000000000002
    },
    "14": {
        "total_loss": 1.3078884515974811,
        "r2l_loss": 1.2822384765545007,
        "l2r_loss": 1.3335384269529371,
        "time": 68.53327775001526,
        "lr": 0.00010000000000000002
    },
    "15": {
        "total_loss": 1.2435591556766554,
        "r2l_loss": 1.2161815685963413,
        "l2r_loss": 1.2709367429132075,
        "time": 68.13079500198364,
        "lr": 5.000000000000001e-05
    },
    "16": {
        "total_loss": 1.2194851791561823,
        "r2l_loss": 1.192228336556086,
        "l2r_loss": 1.246742025115387,
        "time": 70.34380960464478,
        "lr": 5.000000000000001e-05
    },
    "17": {
        "total_loss": 1.2004696213558492,
        "r2l_loss": 1.172574993511015,
        "l2r_loss": 1.2283642455290997,
        "time": 72.02063465118408,
        "lr": 5.000000000000001e-05
    },
    "18": {
        "total_loss": 1.1856843447154033,
        "r2l_loss": 1.1575952691769382,
        "l2r_loss": 1.2137734245504026,
        "time": 70.29896903038025,
        "lr": 5.000000000000001e-05
    },
    "19": {
        "total_loss": 1.149368770235019,
        "r2l_loss": 1.1205353721253681,
        "l2r_loss": 1.1782021685009079,
        "time": 69.92969393730164,
        "lr": 2.5000000000000005e-05
    },
    "20": {
        "total_loss": 1.1372542704698456,
        "r2l_loss": 1.108297634952815,
        "l2r_loss": 1.166210907080539,
        "time": 68.97091174125671,
        "lr": 2.5000000000000005e-05
    }
}