{
    "1": {
        "total_loss": 3.9097241861178507,
        "r2l_loss": 3.902604495963788,
        "l2r_loss": 3.920403401603399,
        "time": 201.6708722114563,
        "lr": 3.3333333333333335e-05
    },
    "2": {
        "total_loss": 3.2324332853665756,
        "r2l_loss": 3.2183545277488723,
        "l2r_loss": 3.2535511695565784,
        "time": 197.65425610542297,
        "lr": 5.555555555555556e-05
    },
    "3": {
        "total_loss": 2.9512554547641505,
        "r2l_loss": 2.9375423548966353,
        "l2r_loss": 2.9718248686059754,
        "time": 197.02461457252502,
        "lr": 7.777777777777778e-05
    },
    "4": {
        "total_loss": 2.766575106703228,
        "r2l_loss": 2.752260201572201,
        "l2r_loss": 2.7880472269180014,
        "time": 196.76718592643738,
        "lr": 0.00010000000000000002
    },
    "5": {
        "total_loss": 2.6214619278907776,
        "r2l_loss": 2.605414501927456,
        "l2r_loss": 2.6455328458652985,
        "time": 198.85980081558228,
        "lr": 0.00010000000000000002
    },
    "6": {
        "total_loss": 2.5147950375244053,
        "r2l_loss": 2.497187874523268,
        "l2r_loss": 2.541205585705508,
        "time": 195.1379518508911,
        "lr": 0.00010000000000000002
    },
    "7": {
        "total_loss": 2.43112958871077,
        "r2l_loss": 2.4130626035111358,
        "l2r_loss": 2.4582298781525176,
        "time": 196.65733432769775,
        "lr": 0.00010000000000000002
    },
    "8": {
        "total_loss": 2.3606823859608244,
        "r2l_loss": 2.341450133468875,
        "l2r_loss": 2.389530598063366,
        "time": 196.2792100906372,
        "lr": 0.00010000000000000002
    },
    "9": {
        "total_loss": 2.3001714390949557,
        "r2l_loss": 2.280083914578312,
        "l2r_loss": 2.330302562893959,
        "time": 197.7581114768982,
        "lr": 0.00010000000000000002
    },
    "10": {
        "total_loss": 2.247311721147863,
        "r2l_loss": 2.225785419257076,
        "l2r_loss": 2.2796010137892426,
        "time": 197.07255005836487,
        "lr": 0.00010000000000000002
    },
    "11": {
        "total_loss": 2.199913370117457,
        "r2l_loss": 2.1777870832468533,
        "l2r_loss": 2.233102644649142,
        "time": 198.2979154586792,
        "lr": 0.00010000000000000002
    },
    "12": {
        "total_loss": 2.157115046835133,
        "r2l_loss": 2.1344569084803577,
        "l2r_loss": 2.1911020965730748,
        "time": 198.2899568080902,
        "lr": 0.00010000000000000002
    },
    "13": {
        "total_loss": 2.11786482657337,
        "r2l_loss": 2.0946370540644192,
        "l2r_loss": 2.1527063264008355,
        "time": 198.1867711544037,
        "lr": 0.00010000000000000002
    },
    "14": {
        "total_loss": 2.0808173454932004,
        "r2l_loss": 2.0566963883069267,
        "l2r_loss": 2.1169986330807093,
        "time": 196.0095841884613,
        "lr": 0.00010000000000000002
    },
    "15": {
        "total_loss": 2.0468236135944635,
        "r2l_loss": 2.0229259819553502,
        "l2r_loss": 2.0826699021171726,
        "time": 197.62568068504333,
        "lr": 0.00010000000000000002
    },
    "16": {
        "total_loss": 1.9669503241718869,
        "r2l_loss": 1.9406985384659121,
        "l2r_loss": 2.0063278537485125,
        "time": 196.4088215827942,
        "lr": 5.000000000000001e-05
    }
}