{
    "1": {
        "total_loss": 3.9212123364034475,
        "r2l_loss": 3.916107503510646,
        "l2r_loss": 3.9263171656661044,
        "time": 208.70682764053345,
        "lr": 3.3333333333333335e-05
    },
    "2": {
        "total_loss": 3.238942042783576,
        "r2l_loss": 3.2278104945578137,
        "l2r_loss": 3.2500735927658604,
        "time": 213.8581509590149,
        "lr": 5.555555555555556e-05
    },
    "3": {
        "total_loss": 2.9509115698061197,
        "r2l_loss": 2.938650798469723,
        "l2r_loss": 2.9631723396201965,
        "time": 213.95959305763245,
        "lr": 7.777777777777778e-05
    },
    "4": {
        "total_loss": 2.7589257563261245,
        "r2l_loss": 2.744893395010755,
        "l2r_loss": 2.772958118461204,
        "time": 213.83879566192627,
        "lr": 0.00010000000000000002
    },
    "5": {
        "total_loss": 2.607286628430859,
        "r2l_loss": 2.590161533627388,
        "l2r_loss": 2.6244117231172286,
        "time": 214.47959685325623,
        "lr": 0.00010000000000000002
    },
    "6": {
        "total_loss": 2.493577909024619,
        "r2l_loss": 2.4743036734331803,
        "l2r_loss": 2.512852146021275,
        "time": 208.8128559589386,
        "lr": 0.00010000000000000002
    },
    "7": {
        "total_loss": 2.402674548869517,
        "r2l_loss": 2.381872396220861,
        "l2r_loss": 2.423476705441072,
        "time": 206.42700028419495,
        "lr": 0.00010000000000000002
    },
    "8": {
        "total_loss": 2.3275979343940794,
        "r2l_loss": 2.3057320435880913,
        "l2r_loss": 2.349463820340357,
        "time": 206.43820667266846,
        "lr": 0.00010000000000000002
    },
    "9": {
        "total_loss": 2.2622252566289807,
        "r2l_loss": 2.2388641515157546,
        "l2r_loss": 2.2855863637914826,
        "time": 210.9112265110016,
        "lr": 0.00010000000000000002
    },
    "10": {
        "total_loss": 2.2045976277770136,
        "r2l_loss": 2.180742445593967,
        "l2r_loss": 2.2284528104870165,
        "time": 212.27796483039856,
        "lr": 0.00010000000000000002
    },
    "11": {
        "total_loss": 2.1531896667302473,
        "r2l_loss": 2.12887464759392,
        "l2r_loss": 2.1775046835830967,
        "time": 217.69330644607544,
        "lr": 0.00010000000000000002
    },
    "12": {
        "total_loss": 2.1062362612113503,
        "r2l_loss": 2.082011476422574,
        "l2r_loss": 2.130461048927663,
        "time": 210.90526032447815,
        "lr": 0.00010000000000000002
    },
    "13": {
        "total_loss": 2.0633173882961273,
        "r2l_loss": 2.038456409174239,
        "l2r_loss": 2.0881783728046828,
        "time": 213.66181659698486,
        "lr": 0.00010000000000000002
    },
    "14": {
        "total_loss": 2.022908550348638,
        "r2l_loss": 1.9974958027744105,
        "l2r_loss": 2.0483212945854734,
        "time": 208.16862607002258,
        "lr": 0.00010000000000000002
    },
    "15": {
        "total_loss": 1.9857772312370405,
        "r2l_loss": 1.9608951351497403,
        "l2r_loss": 2.0106593263289785,
        "time": 203.88759565353394,
        "lr": 0.00010000000000000002
    },
    "16": {
        "total_loss": 1.9507950362850033,
        "r2l_loss": 1.9258728194798842,
        "l2r_loss": 1.975717253792731,
        "time": 207.42002964019775,
        "lr": 0.00010000000000000002
    }
}