{
    "1": {
        "total_loss": 3.9188074030435858,
        "r2l_loss": 3.9205614126969883,
        "l2r_loss": 3.9176378596742403,
        "time": 187.01649022102356,
        "lr": 3.3333333333333335e-05
    },
    "2": {
        "total_loss": 3.2426465376186933,
        "r2l_loss": 3.231999894022239,
        "l2r_loss": 3.2497441309608504,
        "time": 184.6333873271942,
        "lr": 5.555555555555556e-05
    },
    "3": {
        "total_loss": 2.9607215411302383,
        "r2l_loss": 2.9491057340897373,
        "l2r_loss": 2.968465254442631,
        "time": 181.25365114212036,
        "lr": 7.777777777777778e-05
    },
    "4": {
        "total_loss": 2.776030870224029,
        "r2l_loss": 2.7632503058680853,
        "l2r_loss": 2.784551091301886,
        "time": 189.70650792121887,
        "lr": 0.00010000000000000002
    },
    "5": {
        "total_loss": 2.631366463916007,
        "r2l_loss": 2.616825892086816,
        "l2r_loss": 2.6410600327555462,
        "time": 188.23449039459229,
        "lr": 0.00010000000000000002
    },
    "6": {
        "total_loss": 2.52560656372831,
        "r2l_loss": 2.510894531585379,
        "l2r_loss": 2.535414452988413,
        "time": 194.83400535583496,
        "lr": 0.00010000000000000002
    },
    "7": {
        "total_loss": 2.4413873829635517,
        "r2l_loss": 2.425610711216224,
        "l2r_loss": 2.451905046675669,
        "time": 194.75419354438782,
        "lr": 0.00010000000000000002
    },
    "8": {
        "total_loss": 2.3713548756067317,
        "r2l_loss": 2.35466263693536,
        "l2r_loss": 2.382482926011788,
        "time": 185.42141771316528,
        "lr": 0.00010000000000000002
    },
    "9": {
        "total_loss": 2.3117380888148236,
        "r2l_loss": 2.2962138410401485,
        "l2r_loss": 2.3220874806518403,
        "time": 187.52504968643188,
        "lr": 0.00010000000000000002
    },
    "10": {
        "total_loss": 2.2596112679990195,
        "r2l_loss": 2.2426525725597015,
        "l2r_loss": 2.270916961792176,
        "time": 189.20924377441406,
        "lr": 0.00010000000000000002
    },
    "11": {
        "total_loss": 2.212639894607259,
        "r2l_loss": 2.1956131234033167,
        "l2r_loss": 2.223990977278861,
        "time": 187.25682473182678,
        "lr": 0.00010000000000000002
    },
    "12": {
        "total_loss": 2.169875738780016,
        "r2l_loss": 2.152643421134218,
        "l2r_loss": 2.1813638445085064,
        "time": 195.16442918777466,
        "lr": 0.00010000000000000002
    },
    "13": {
        "total_loss": 2.1311355900670783,
        "r2l_loss": 2.114749345950387,
        "l2r_loss": 2.142059649957421,
        "time": 194.73177075386047,
        "lr": 0.00010000000000000002
    },
    "14": {
        "total_loss": 2.0950501205761913,
        "r2l_loss": 2.07827075051184,
        "l2r_loss": 2.106236260625843,
        "time": 190.49383187294006,
        "lr": 0.00010000000000000002
    },
    "15": {
        "total_loss": 2.061173671706486,
        "r2l_loss": 2.045035868239075,
        "l2r_loss": 2.071932100242622,
        "time": 189.70644664764404,
        "lr": 0.00010000000000000002
    },
    "16": {
        "total_loss": 2.030331889690725,
        "r2l_loss": 2.0139428579151515,
        "l2r_loss": 2.0412578106746224,
        "time": 189.38700819015503,
        "lr": 0.00010000000000000002
    }
}