{
    "1": {
        "total_loss": 3.9123923629815076,
        "r2l_loss": 3.907913516218864,
        "l2r_loss": 3.9168712107980648,
        "time": 195.09734559059143,
        "lr": 3.3333333333333335e-05
    },
    "2": {
        "total_loss": 3.2328060703802204,
        "r2l_loss": 3.218767199394511,
        "l2r_loss": 3.246844937852886,
        "time": 193.14486455917358,
        "lr": 5.555555555555556e-05
    },
    "3": {
        "total_loss": 2.9488536632365467,
        "r2l_loss": 2.934139055212729,
        "l2r_loss": 2.9635682745392056,
        "time": 197.49836206436157,
        "lr": 7.777777777777778e-05
    },
    "4": {
        "total_loss": 2.761877494382952,
        "r2l_loss": 2.7453670122300244,
        "l2r_loss": 2.7783879791121118,
        "time": 192.84896183013916,
        "lr": 0.00010000000000000002
    },
    "5": {
        "total_loss": 2.614365903825329,
        "r2l_loss": 2.5954181856397094,
        "l2r_loss": 2.633313622830659,
        "time": 194.94375252723694,
        "lr": 0.00010000000000000002
    },
    "6": {
        "total_loss": 2.5060862369527985,
        "r2l_loss": 2.4851633896996326,
        "l2r_loss": 2.527009080224515,
        "time": 184.80108642578125,
        "lr": 0.00010000000000000002
    },
    "7": {
        "total_loss": 2.4200728796788424,
        "r2l_loss": 2.3983565927254427,
        "l2r_loss": 2.441789170203837,
        "time": 191.04996991157532,
        "lr": 0.00010000000000000002
    },
    "8": {
        "total_loss": 2.348488696548934,
        "r2l_loss": 2.325731687672246,
        "l2r_loss": 2.3712457038447523,
        "time": 193.0423891544342,
        "lr": 0.00010000000000000002
    },
    "9": {
        "total_loss": 2.2863894129548887,
        "r2l_loss": 2.262982047201374,
        "l2r_loss": 2.30979678081623,
        "time": 188.7417287826538,
        "lr": 0.00010000000000000002
    },
    "10": {
        "total_loss": 2.232404534439675,
        "r2l_loss": 2.207997212885405,
        "l2r_loss": 2.256811856930757,
        "time": 190.121901512146,
        "lr": 0.00010000000000000002
    },
    "11": {
        "total_loss": 2.1832907730914757,
        "r2l_loss": 2.158024449303951,
        "l2r_loss": 2.208557096410594,
        "time": 199.57587432861328,
        "lr": 0.00010000000000000002
    },
    "12": {
        "total_loss": 2.1395717394960885,
        "r2l_loss": 2.113915302957205,
        "l2r_loss": 2.165228168013522,
        "time": 193.10062623023987,
        "lr": 0.00010000000000000002
    },
    "13": {
        "total_loss": 2.0989735204367834,
        "r2l_loss": 2.0741034250245347,
        "l2r_loss": 2.123843614970771,
        "time": 194.7836456298828,
        "lr": 0.00010000000000000002
    },
    "14": {
        "total_loss": 2.014456578169918,
        "r2l_loss": 1.9867761818388356,
        "l2r_loss": 2.042136974501001,
        "time": 188.8720784187317,
        "lr": 5.000000000000001e-05
    },
    "15": {
        "total_loss": 1.9840387545657767,
        "r2l_loss": 1.9569095552904432,
        "l2r_loss": 2.01116794822024,
        "time": 192.73226833343506,
        "lr": 5.000000000000001e-05
    },
    "16": {
        "total_loss": 1.9600648440288888,
        "r2l_loss": 1.9329395060572034,
        "l2r_loss": 1.9871901818834727,
        "time": 197.6017246246338,
        "lr": 5.000000000000001e-05
    }
}