{
    "1": {
        "total_loss": 3.9173433049957036,
        "r2l_loss": 3.91848196390804,
        "l2r_loss": 3.9165840028311276,
        "time": 200.5072853565216,
        "lr": 3.3333333333333335e-05
    },
    "2": {
        "total_loss": 3.2414234152945647,
        "r2l_loss": 3.2300310041206526,
        "l2r_loss": 3.2490181869045927,
        "time": 198.11450242996216,
        "lr": 5.555555555555556e-05
    },
    "3": {
        "total_loss": 2.9593226424837393,
        "r2l_loss": 2.9465835976225923,
        "l2r_loss": 2.967815181595403,
        "time": 199.98720502853394,
        "lr": 7.777777777777778e-05
    },
    "4": {
        "total_loss": 2.7739615009435266,
        "r2l_loss": 2.7614301708920297,
        "l2r_loss": 2.7823155640618973,
        "time": 199.48993015289307,
        "lr": 0.00010000000000000002
    },
    "5": {
        "total_loss": 2.6283573053908955,
        "r2l_loss": 2.6144274482558423,
        "l2r_loss": 2.6376437242700916,
        "time": 197.17896342277527,
        "lr": 0.00010000000000000002
    },
    "6": {
        "total_loss": 2.5218133812803183,
        "r2l_loss": 2.5066244729843965,
        "l2r_loss": 2.5319391847359407,
        "time": 200.29570412635803,
        "lr": 0.00010000000000000002
    },
    "7": {
        "total_loss": 2.437766963465977,
        "r2l_loss": 2.421877958568468,
        "l2r_loss": 2.4483595118658483,
        "time": 200.74792456626892,
        "lr": 0.00010000000000000002
    },
    "8": {
        "total_loss": 2.3683945016682966,
        "r2l_loss": 2.3514973613157255,
        "l2r_loss": 2.3796591545603363,
        "time": 200.91697072982788,
        "lr": 0.00010000000000000002
    },
    "9": {
        "total_loss": 2.3082256159051697,
        "r2l_loss": 2.29151852379145,
        "l2r_loss": 2.319363569815173,
        "time": 199.05811166763306,
        "lr": 0.00010000000000000002
    },
    "10": {
        "total_loss": 2.254950642702856,
        "r2l_loss": 2.237761339703337,
        "l2r_loss": 2.26641007865576,
        "time": 199.90017366409302,
        "lr": 0.00010000000000000002
    },
    "11": {
        "total_loss": 2.2078427082780303,
        "r2l_loss": 2.189530810052145,
        "l2r_loss": 2.22005053581798,
        "time": 199.37476921081543,
        "lr": 0.00010000000000000002
    },
    "12": {
        "total_loss": 2.1650795425436584,
        "r2l_loss": 2.1482105843561805,
        "l2r_loss": 2.1763254124195495,
        "time": 200.61994338035583,
        "lr": 0.00010000000000000002
    },
    "13": {
        "total_loss": 2.1263961751592184,
        "r2l_loss": 2.1091758047902047,
        "l2r_loss": 2.1378763213841525,
        "time": 199.4090611934662,
        "lr": 0.00010000000000000002
    },
    "14": {
        "total_loss": 2.089976947176433,
        "r2l_loss": 2.0734448609160063,
        "l2r_loss": 2.100998231669072,
        "time": 198.00225234031677,
        "lr": 0.00010000000000000002
    },
    "15": {
        "total_loss": 2.0549350869210623,
        "r2l_loss": 2.0385659170759682,
        "l2r_loss": 2.0658477591039626,
        "time": 200.284161567688,
        "lr": 0.00010000000000000002
    },
    "16": {
        "total_loss": 1.9763761369441957,
        "r2l_loss": 1.9603367236484948,
        "l2r_loss": 1.9870689781218005,
        "time": 195.80570483207703,
        "lr": 5.000000000000001e-05
    }
}