{
    "1": {
        "total_loss": 3.465044214403645,
        "r2l_loss": 3.4440523793781725,
        "l2r_loss": 3.486036046929316,
        "time": 91.88599181175232,
        "lr": 3.3333333333333335e-05
    },
    "2": {
        "total_loss": 2.612424885773565,
        "r2l_loss": 2.5769921002194267,
        "l2r_loss": 2.6478576697653273,
        "time": 87.78341102600098,
        "lr": 5.555555555555556e-05
    },
    "3": {
        "total_loss": 2.234589854042933,
        "r2l_loss": 2.1978360801974257,
        "l2r_loss": 2.2713436272634904,
        "time": 88.3093364238739,
        "lr": 7.777777777777778e-05
    },
    "4": {
        "total_loss": 1.9984879440592596,
        "r2l_loss": 1.965870949106479,
        "l2r_loss": 2.031104950886098,
        "time": 87.75539970397949,
        "lr": 0.00010000000000000002
    },
    "5": {
        "total_loss": 1.8341104632748846,
        "r2l_loss": 1.80536680796512,
        "l2r_loss": 1.8628541163973227,
        "time": 86.14584469795227,
        "lr": 0.00010000000000000002
    },
    "6": {
        "total_loss": 1.7287398034591974,
        "r2l_loss": 1.7010710737808348,
        "l2r_loss": 1.7564085292316203,
        "time": 86.62208199501038,
        "lr": 0.00010000000000000002
    },
    "7": {
        "total_loss": 1.6520254646341266,
        "r2l_loss": 1.6261784461660123,
        "l2r_loss": 1.6778724837271914,
        "time": 90.2435245513916,
        "lr": 0.00010000000000000002
    },
    "8": {
        "total_loss": 1.5893189574287885,
        "r2l_loss": 1.5621053991280252,
        "l2r_loss": 1.6165325171356901,
        "time": 88.5184850692749,
        "lr": 0.00010000000000000002
    },
    "9": {
        "total_loss": 1.5389351193276801,
        "r2l_loss": 1.5115900997409346,
        "l2r_loss": 1.5662801387581882,
        "time": 87.93429350852966,
        "lr": 0.00010000000000000002
    },
    "10": {
        "total_loss": 1.4961333304526452,
        "r2l_loss": 1.4682784741390422,
        "l2r_loss": 1.5239881842664467,
        "time": 87.69767189025879,
        "lr": 0.00010000000000000002
    },
    "11": {
        "total_loss": 1.4602210638876199,
        "r2l_loss": 1.432223655293216,
        "l2r_loss": 1.4882184715445983,
        "time": 88.1969382762909,
        "lr": 0.00010000000000000002
    },
    "12": {
        "total_loss": 1.4237077240862666,
        "r2l_loss": 1.395178988673584,
        "l2r_loss": 1.4522364606707312,
        "time": 87.91471338272095,
        "lr": 0.00010000000000000002
    },
    "13": {
        "total_loss": 1.3937620418256107,
        "r2l_loss": 1.364422841747029,
        "l2r_loss": 1.4231012414354798,
        "time": 87.44797611236572,
        "lr": 0.00010000000000000002
    },
    "14": {
        "total_loss": 1.3660564269494573,
        "r2l_loss": 1.337209441558718,
        "l2r_loss": 1.3949034129651472,
        "time": 88.24702787399292,
        "lr": 0.00010000000000000002
    },
    "15": {
        "total_loss": 1.340160046773688,
        "r2l_loss": 1.3103247307543673,
        "l2r_loss": 1.3699953624805334,
        "time": 87.89511322975159,
        "lr": 0.00010000000000000002
    },
    "16": {
        "total_loss": 1.3148701470613793,
        "r2l_loss": 1.284761398991626,
        "l2r_loss": 1.3449788987245972,
        "time": 88.62298917770386,
        "lr": 0.00010000000000000002
    },
    "17": {
        "total_loss": 1.2924200438578195,
        "r2l_loss": 1.2620857079875891,
        "l2r_loss": 1.3227543810560694,
        "time": 87.63507509231567,
        "lr": 0.00010000000000000002
    },
    "18": {
        "total_loss": 1.232983059526896,
        "r2l_loss": 1.200888560218236,
        "l2r_loss": 1.2650775604760507,
        "time": 86.55685138702393,
        "lr": 5.000000000000001e-05
    },
    "19": {
        "total_loss": 1.2128860877038299,
        "r2l_loss": 1.1805246100513214,
        "l2r_loss": 1.2452475684029716,
        "time": 86.81830358505249,
        "lr": 5.000000000000001e-05
    },
    "20": {
        "total_loss": 1.1986557871767296,
        "r2l_loss": 1.1665835092295826,
        "l2r_loss": 1.2307280655925896,
        "time": 87.17776846885681,
        "lr": 5.000000000000001e-05
    }
}