{
    "1": {
        "total_loss": 3.900086784760938,
        "r2l_loss": 7.481699658985925,
        "l2r_loss": 3.900086784760938,
        "time": 198.2242751121521,
        "lr": 3.3333333333333335e-05
    },
    "2": {
        "total_loss": 3.234765267442392,
        "r2l_loss": 7.443188277349491,
        "l2r_loss": 3.234765267442392,
        "time": 193.9411540031433,
        "lr": 5.555555555555556e-05
    },
    "3": {
        "total_loss": 2.955505204341266,
        "r2l_loss": 7.443035836069898,
        "l2r_loss": 2.955505204341266,
        "time": 197.04457592964172,
        "lr": 7.777777777777778e-05
    },
    "4": {
        "total_loss": 2.7720188201059295,
        "r2l_loss": 7.443036004227599,
        "l2r_loss": 2.7720188201059295,
        "time": 198.5070731639862,
        "lr": 0.00010000000000000002
    },
    "5": {
        "total_loss": 2.6262624625606947,
        "r2l_loss": 7.443036101656016,
        "l2r_loss": 2.6262624625606947,
        "time": 199.69221186637878,
        "lr": 0.00010000000000000002
    },
    "6": {
        "total_loss": 2.5190901940135917,
        "r2l_loss": 7.443036130228774,
        "l2r_loss": 2.5190901940135917,
        "time": 198.0535683631897,
        "lr": 0.00010000000000000002
    },
    "7": {
        "total_loss": 2.433810328512154,
        "r2l_loss": 7.443036101656016,
        "l2r_loss": 2.433810328512154,
        "time": 196.28131413459778,
        "lr": 0.00010000000000000002
    },
    "8": {
        "total_loss": 2.363224007643042,
        "r2l_loss": 7.44303611477138,
        "l2r_loss": 2.363224007643042,
        "time": 196.16560411453247,
        "lr": 0.00010000000000000002
    },
    "9": {
        "total_loss": 2.302897902509318,
        "r2l_loss": 7.443036123671091,
        "l2r_loss": 2.302897902509318,
        "time": 198.79426431655884,
        "lr": 0.00010000000000000002
    },
    "10": {
        "total_loss": 2.249748442636726,
        "r2l_loss": 7.443036109384713,
        "l2r_loss": 2.249748442636726,
        "time": 192.13216376304626,
        "lr": 0.00010000000000000002
    },
    "11": {
        "total_loss": 2.2010569488135676,
        "r2l_loss": 7.44303613795747,
        "l2r_loss": 2.2010569488135676,
        "time": 195.1074697971344,
        "lr": 0.00010000000000000002
    },
    "12": {
        "total_loss": 2.155703166613176,
        "r2l_loss": 7.443036109853119,
        "l2r_loss": 2.155703166613176,
        "time": 194.2910487651825,
        "lr": 0.00010000000000000002
    },
    "13": {
        "total_loss": 2.113878688491398,
        "r2l_loss": 7.443036115708192,
        "l2r_loss": 2.113878688491398,
        "time": 197.0743567943573,
        "lr": 0.00010000000000000002
    },
    "14": {
        "total_loss": 2.0735813029739854,
        "r2l_loss": 7.4430361253105115,
        "l2r_loss": 2.0735813029739854,
        "time": 196.29983472824097,
        "lr": 0.00010000000000000002
    },
    "15": {
        "total_loss": 2.0350799783625164,
        "r2l_loss": 7.4430361196896415,
        "l2r_loss": 2.0350799783625164,
        "time": 196.91062998771667,
        "lr": 0.00010000000000000002
    },
    "16": {
        "total_loss": 1.9420383249378392,
        "r2l_loss": 7.443036120158047,
        "l2r_loss": 1.9420383249378392,
        "time": 188.00057983398438,
        "lr": 5.000000000000001e-05
    }
}